Data,Rainfall (mm/day),PET_PTaylor (mm/day),Flow (mm/day)
01/01/1986,6,2.7970,0.3132
02/01/1986,0,2.8084,0.3324
03/01/1986,0,2.7822,0.3132
04/01/1986,2.9,3.8507,0.2939
05/01/1986,0,2.7529,0.3132
06/01/1986,0,2.7002,0.2654
07/01/1986,0,3.6401,0.3132
08/01/1986,0,6.3084,0.2516
09/01/1986,1.5,5.1156,0.2654
10/01/1986,0.6,5.4368,0.2801
11/01/1986,5.3,7.3031,0.3517
12/01/1986,6.2,4.8012,0.2939
13/01/1986,14,3.6740,0.5345
14/01/1986,0,3.1667,0.3903
15/01/1986,0,2.8189,0.2939
16/01/1986,0,3.7927,0.2654
17/01/1986,0,3.2725,0.2801
18/01/1986,1.3,3.6488,0.2654
19/01/1986,27.3,6.2454,0.2801
20/01/1986,17.5,2.9159,0.7503
21/01/1986,0.3,3.4115,0.7751
22/01/1986,11,2.7463,0.4482
23/01/1986,1.3,3.9366,0.4482
24/01/1986,0,6.7331,0.3517
25/01/1986,0,5.4379,0.3517
26/01/1986,0,4.0182,0.3132
27/01/1986,1.6,3.0105,0.2939
28/01/1986,3,3.6933,0.3517
29/01/1986,0,4.1460,0.3903
30/01/1986,29.6,6.4791,0.2801
31/01/1986,4.2,5.1564,0.4289
01/02/1986,10.7,5.8195,0.5584
02/02/1986,4.7,4.6233,0.4289
03/02/1986,0,5.7271,0.3903
04/02/1986,0,5.9430,0.4096
05/02/1986,0,4.6394,0.3324
06/02/1986,0,5.7127,0.3903
07/02/1986,1.1,5.0832,0.3324
08/02/1986,0,3.6284,0.2939
09/02/1986,7.8,3.5680,0.2939
10/02/1986,0,3.9932,0.7503
11/02/1986,0,3.7078,0.4674
12/02/1986,1.2,6.7247,0.3710
13/02/1986,0,6.3760,0.3710
14/02/1986,0.7,6.3102,0.3710
15/02/1986,0,6.2789,0.3324
16/02/1986,13.6,6.8511,0.3324
17/02/1986,0,6.7052,0.7751
18/02/1986,15.6,5.5887,0.4674
19/02/1986,0,3.8584,1.7173
20/02/1986,8.8,4.3696,0.4674
21/02/1986,0,5.5738,0.4289
22/02/1986,2.4,6.5277,0.4674
23/02/1986,3.5,7.1883,0.4289
24/02/1986,4.2,7.0159,0.4867
25/02/1986,3.4,4.8894,0.4096
26/02/1986,5.4,4.0724,0.4096
27/02/1986,2.5,3.4714,0.4096
28/02/1986,10.6,3.4613,0.3903
01/03/1986,5.2,3.8254,0.5584
02/03/1986,0,6.2189,0.4482
03/03/1986,0,5.9365,0.4482
04/03/1986,0.6,6.0683,0.3903
05/03/1986,0,5.8149,0.3710
06/03/1986,0,5.8225,0.3710
07/03/1986,8.2,6.4022,0.3324
08/03/1986,0,6.1556,0.5106
09/03/1986,0,5.0602,0.3903
10/03/1986,4.5,5.6338,0.3710
11/03/1986,8.3,6.4361,0.4289
12/03/1986,0,5.6672,0.5106
13/03/1986,3.6,5.4446,0.4096
14/03/1986,0,3.2161,0.6061
15/03/1986,19.1,6.0594,0.5584
16/03/1986,0.7,3.1511,0.8495
17/03/1986,13.1,2.8741,0.8743
18/03/1986,36.6,3.4864,1.4326
19/03/1986,0,2.4289,2.2591
20/03/1986,0,4.1746,0.6777
21/03/1986,0,4.2858,0.5345
22/03/1986,0,3.3954,0.4482
23/03/1986,0,5.2517,0.4482
24/03/1986,6.7,4.6989,0.4867
25/03/1986,0,5.3666,0.5584
26/03/1986,9.9,4.0073,0.5106
27/03/1986,0,5.1014,0.5822
28/03/1986,0,4.2282,0.4482
29/03/1986,0,5.2924,0.3903
30/03/1986,0,5.6065,0.3517
31/03/1986,0,4.4630,0.3517
01/04/1986,0,5.0140,0.3710
02/04/1986,0,5.3025,0.3517
03/04/1986,0,4.8837,0.2939
04/04/1986,0,4.0617,0.2939
05/04/1986,0,5.4603,0.2939
06/04/1986,16.4,4.8580,0.2939
07/04/1986,0,2.5587,0.4482
08/04/1986,0,2.3440,0.4482
09/04/1986,0,4.6178,0.3903
10/04/1986,0,4.9940,0.3324
11/04/1986,0,5.1741,0.2939
12/04/1986,0,4.1494,0.3517
13/04/1986,12.7,4.1857,0.3132
14/04/1986,16.1,4.9816,0.3324
15/04/1986,0,3.1881,0.5822
16/04/1986,0,3.4888,0.4674
17/04/1986,0,3.7580,0.3903
18/04/1986,0,4.0673,0.3710
19/04/1986,0,4.1939,0.3517
20/04/1986,20.7,3.2887,0.3324
21/04/1986,17.2,2.5868,0.5106
22/04/1986,0,3.6064,0.7016
23/04/1986,0,4.2428,0.5106
24/04/1986,0,4.2351,0.4289
25/04/1986,10.1,3.1341,0.3517
26/04/1986,4.2,2.8848,0.6061
27/04/1986,9,1.8019,0.7999
28/04/1986,0,1.7933,0.4674
29/04/1986,0,1.7962,0.4096
30/04/1986,0,3.2481,0.4289
01/05/1986,0,3.5726,0.3903
02/05/1986,0,3.3879,0.3517
03/05/1986,0,3.3795,0.3324
04/05/1986,0,3.3668,0.3710
05/05/1986,0,3.3116,0.3517
06/05/1986,5.9,3.2759,0.3517
07/05/1986,0,3.1612,0.3517
08/05/1986,0.8,2.7697,0.3903
09/05/1986,4.4,1.5561,0.3903
10/05/1986,0.2,3.2010,0.4289
11/05/1986,15.1,2.1441,0.3710
12/05/1986,12.4,3.1925,0.6539
13/05/1986,0.8,3.0912,1.0561
14/05/1986,0,2.5295,0.7503
15/05/1986,0,2.9310,0.5584
16/05/1986,0,3.3026,0.4482
17/05/1986,34.2,3.1415,0.4482
18/05/1986,0,2.3541,1.3959
19/05/1986,0,1.6747,1.1479
20/05/1986,1,2.9614,0.7999
21/05/1986,0,2.5734,0.6300
22/05/1986,0,1.2650,0.5822
23/05/1986,0,1.5225,0.4674
24/05/1986,4.4,2.7860,0.4867
25/05/1986,0.8,2.7941,0.4867
26/05/1986,0,2.6894,0.4674
27/05/1986,0,2.5603,0.4867
28/05/1986,0,2.8326,0.4674
29/05/1986,3.7,2.5373,0.4482
30/05/1986,25.3,2.6009,0.5584
31/05/1986,0,1.2104,1.0286
01/06/1986,0,1.6310,0.5822
02/06/1986,0,1.0663,0.4867
03/06/1986,0,1.2845,0.4867
04/06/1986,0,2.3048,0.4674
05/06/1986,0,2.3485,0.4096
06/06/1986,0,2.2162,0.4096
07/06/1986,0,2.2467,0.4096
08/06/1986,0,2.3976,0.4096
09/06/1986,0,2.4525,0.4096
10/06/1986,0,2.3844,0.4096
11/06/1986,0,2.1403,0.4096
12/06/1986,0,2.2591,0.4289
13/06/1986,1.9,2.5181,0.4096
14/06/1986,0,2.5628,0.4096
15/06/1986,1.9,2.3358,0.3903
16/06/1986,0,2.2515,0.3710
17/06/1986,0,2.0395,0.4096
18/06/1986,0,1.6212,0.3903
19/06/1986,0,2.1307,0.3517
20/06/1986,0,2.0651,0.3324
21/06/1986,0,2.1966,0.3710
22/06/1986,0,2.4091,0.3324
23/06/1986,0,2.2107,0.3517
24/06/1986,0.3,2.1581,0.3710
25/06/1986,0,1.9076,0.3517
26/06/1986,0,1.9285,0.3324
27/06/1986,0,1.6609,0.3324
28/06/1986,0,1.8147,0.3324
29/06/1986,0,1.9666,0.3324
30/06/1986,0,2.2445,0.3324
01/07/1986,5.7,2.3938,0.3903
02/07/1986,0.1,2.1345,0.4289
03/07/1986,0,2.1989,0.3132
04/07/1986,4.3,2.3846,0.3324
05/07/1986,0,2.3804,0.3324
06/07/1986,0.6,2.0019,0.3324
07/07/1986,0.5,1.8881,0.3324
08/07/1986,0.7,2.1946,0.3324
09/07/1986,1.6,2.2555,0.3324
10/07/1986,0,2.3426,0.3710
11/07/1986,0,2.1839,0.3324
12/07/1986,0,1.7233,0.3324
13/07/1986,0,1.9723,0.3132
14/07/1986,0,2.1717,0.2939
15/07/1986,0,1.7136,0.2939
16/07/1986,0,1.2981,0.2939
17/07/1986,0,1.2489,0.2939
18/07/1986,0.2,1.7564,0.2939
19/07/1986,0.3,2.7333,0.2939
20/07/1986,12.5,2.8563,0.2939
21/07/1986,21.3,2.3302,0.6061
22/07/1986,0,2.1664,0.7999
23/07/1986,0.6,1.2145,0.5822
24/07/1986,0,1.4109,0.4482
25/07/1986,0,1.3101,0.3903
26/07/1986,0,2.0802,0.3903
27/07/1986,0,1.7497,0.3517
28/07/1986,0,1.2558,0.3710
29/07/1986,0,2.6050,0.3710
30/07/1986,0,2.7479,0.3710
31/07/1986,0,2.7606,0.3710
01/08/1986,0,2.3714,0.3710
02/08/1986,0,2.5294,0.3324
03/08/1986,0,2.8175,0.3324
04/08/1986,0,3.2270,0.3132
05/08/1986,0,3.0366,0.3132
06/08/1986,0,3.5056,0.3132
07/08/1986,0,3.2951,0.3324
08/08/1986,0,3.1911,0.2939
09/08/1986,0,2.8327,0.3132
10/08/1986,0,2.8588,0.3324
11/08/1986,20.7,2.5710,0.3132
12/08/1986,2.2,3.1857,0.9275
13/08/1986,47.5,3.1526,0.9459
14/08/1986,15,3.2917,2.4887
15/08/1986,0,3.3578,3.2234
16/08/1986,6.4,3.5024,1.0286
17/08/1986,0,3.1582,0.7751
18/08/1986,0,2.8777,0.6061
19/08/1986,0,3.1768,0.6061
20/08/1986,0,3.2587,0.5822
21/08/1986,0,3.2810,0.5106
22/08/1986,26.2,3.5767,0.4867
23/08/1986,0,3.6251,2.4428
24/08/1986,0,3.2712,1.1755
25/08/1986,0,3.4684,0.7503
26/08/1986,0,3.0053,0.7503
27/08/1986,0,3.3434,0.5584
28/08/1986,0,3.2505,0.4867
29/08/1986,0,3.1101,0.4867
30/08/1986,0,2.9978,0.4867
31/08/1986,2.1,3.7251,0.4674
01/09/1986,0,3.7256,0.4674
02/09/1986,3,3.7662,0.4482
03/09/1986,0,4.1187,0.4482
04/09/1986,12.9,4.3105,0.4674
05/09/1986,0,3.9468,0.6539
06/09/1986,0,3.9497,0.5584
07/09/1986,0,4.2365,0.4867
08/09/1986,0,4.4617,0.4482
09/09/1986,0,4.5569,0.4289
10/09/1986,0,4.3613,0.4096
11/09/1986,0,4.3259,0.4096
12/09/1986,0,4.2855,0.4096
13/09/1986,0,4.2513,0.3710
14/09/1986,0,4.2653,0.3710
15/09/1986,0,4.7243,0.3710
16/09/1986,0,4.4216,0.4289
17/09/1986,1.2,5.0371,0.3903
18/09/1986,9,4.7342,0.3324
19/09/1986,2.6,3.0398,0.4289
20/09/1986,0,4.3769,0.4096
21/09/1986,0,3.8180,0.4482
22/09/1986,2.2,4.5183,0.4867
23/09/1986,3.9,4.9489,0.4289
24/09/1986,6.9,2.1124,0.3710
25/09/1986,7.1,3.4520,0.4096
26/09/1986,0,4.2365,0.4867
27/09/1986,1.8,3.6131,0.5345
28/09/1986,3.5,2.4305,0.4289
29/09/1986,0,4.5818,0.3903
30/09/1986,0,4.9624,0.3710
01/10/1986,0,3.5550,0.3903
02/10/1986,0,4.7303,0.3710
03/10/1986,0,5.0567,0.3710
04/10/1986,0,4.7076,0.3710
05/10/1986,0,4.1520,0.3324
06/10/1986,0,3.2026,0.3132
07/10/1986,0,4.2668,0.3710
08/10/1986,0,5.7541,0.3710
09/10/1986,21,4.8826,0.2801
10/10/1986,0,4.9766,1.8000
11/10/1986,0,3.6502,0.6539
12/10/1986,0,5.2527,0.5584
13/10/1986,0,2.5417,0.4482
14/10/1986,0,2.1860,0.4096
15/10/1986,1.6,3.9029,0.3710
16/10/1986,3.7,4.3662,0.3710
17/10/1986,4.4,5.5424,0.3710
18/10/1986,30.1,3.0949,1.2581
19/10/1986,8.9,4.0183,1.5612
20/10/1986,17.6,5.3111,1.0561
21/10/1986,6.7,4.7863,0.8743
22/10/1986,0,5.3356,0.6539
23/10/1986,0,2.1357,0.5106
24/10/1986,0,2.0252,0.4674
25/10/1986,0,2.1862,0.4482
26/10/1986,0,5.2426,0.4482
27/10/1986,0,5.8915,0.4482
28/10/1986,0,6.2102,0.4482
29/10/1986,3.4,6.0312,0.4096
30/10/1986,1.1,4.7296,0.4482
31/10/1986,5.9,5.0559,0.4482
01/11/1986,4.3,5.0744,0.4482
02/11/1986,0.5,4.1526,0.4096
03/11/1986,4.7,5.0934,0.4289
04/11/1986,2.9,2.7014,0.8247
05/11/1986,11,4.0911,0.6777
06/11/1986,0,2.6164,1.4602
07/11/1986,0,5.1330,1.4602
08/11/1986,0,3.3568,0.6777
09/11/1986,17.6,3.9584,0.5106
10/11/1986,26.5,3.1487,0.8247
11/11/1986,0,2.3391,2.8010
12/11/1986,0,2.7578,1.6806
13/11/1986,0,3.1751,1.0837
14/11/1986,0,3.4827,0.9459
15/11/1986,0,2.4566,0.8743
16/11/1986,0,4.9275,0.8247
17/11/1986,0,6.7939,0.8247
18/11/1986,0,6.6508,0.5584
19/11/1986,0,4.3323,0.5106
20/11/1986,0.8,6.0549,0.4482
21/11/1986,0,7.1908,0.4482
22/11/1986,2.3,7.2689,0.4482
23/11/1986,0,6.9862,0.4482
24/11/1986,0,5.4778,0.4674
25/11/1986,9.9,2.7840,0.4289
26/11/1986,7.9,4.5772,1.4602
27/11/1986,0,7.3467,0.7999
28/11/1986,5.9,7.8831,0.6061
29/11/1986,19.1,7.3071,0.6300
30/11/1986,6.3,7.1179,0.8991
01/12/1986,1.8,6.0970,0.7751
02/12/1986,4.5,7.8859,0.7016
03/12/1986,10.6,7.6455,0.8247
04/12/1986,0,6.9216,0.6300
05/12/1986,3.6,2.7794,0.6300
06/12/1986,0,5.4657,0.6300
07/12/1986,24.3,4.2671,0.6300
08/12/1986,1.1,4.5778,1.5336
09/12/1986,0,4.1285,0.7999
10/12/1986,0,4.5515,0.6061
11/12/1986,0,2.9940,0.5822
12/12/1986,1.2,2.7903,0.6061
13/12/1986,27.4,2.8893,0.5106
14/12/1986,0,4.2298,0.9734
15/12/1986,0,6.3302,0.6300
16/12/1986,0.2,7.2522,0.5584
17/12/1986,69.8,8.1935,0.5584
18/12/1986,24.6,4.6691,4.7203
19/12/1986,0,2.4855,7.2366
20/12/1986,0,3.3201,3.3612
21/12/1986,15.1,6.1142,2.8010
22/12/1986,0,6.7835,1.9561
23/12/1986,0,6.6236,1.3592
24/12/1986,0,4.7027,1.1755
25/12/1986,0,4.1257,0.9459
26/12/1986,7.6,5.3798,0.8495
27/12/1986,16.3,6.8879,0.8247
28/12/1986,30.7,7.8681,1.9102
29/12/1986,0,7.2379,3.5173
30/12/1986,0,6.6095,1.5979
31/12/1986,0,5.9210,0.9734
01/01/1987,3.2,4.1046,0.9459
02/01/1987,0,3.4984,0.8991
03/01/1987,0,4.9389,0.8743
04/01/1987,0,5.9741,0.8247
05/01/1987,0,4.3956,0.7751
06/01/1987,1.1,4.9828,0.7503
07/01/1987,0,5.7446,0.7016
08/01/1987,0,7.6361,0.6539
09/01/1987,3.5,7.4244,0.6300
10/01/1987,12.7,8.0564,0.7255
11/01/1987,4.1,5.8889,1.0010
12/01/1987,11.7,4.0829,1.2306
13/01/1987,25.5,2.8803,1.1755
14/01/1987,2.7,3.4374,0.9275
15/01/1987,22.5,4.3165,0.7999
16/01/1987,17.5,6.3267,4.6560
17/01/1987,0,5.3313,3.6183
18/01/1987,0,3.8304,1.6806
19/01/1987,0,3.8069,1.1204
20/01/1987,0,2.8937,1.0010
21/01/1987,0,3.2617,0.9459
22/01/1987,26,3.5721,0.8247
23/01/1987,0,3.0265,0.7751
24/01/1987,0.8,3.0234,0.7751
25/01/1987,0,5.9954,0.7751
26/01/1987,0.6,3.6996,0.7751
27/01/1987,1.1,2.7560,0.7999
28/01/1987,0,2.6980,0.7016
29/01/1987,2.3,2.7704,0.6061
30/01/1987,1.7,3.3043,0.6061
31/01/1987,3.7,7.2072,0.6061
01/02/1987,14.9,6.2062,0.6539
02/02/1987,11.2,6.5206,0.7016
03/02/1987,2,5.0570,0.7999
04/02/1987,3.3,4.3934,0.7503
05/02/1987,18.7,4.3891,0.7255
06/02/1987,13.1,3.0896,1.1204
07/02/1987,4.4,5.0814,2.3969
08/02/1987,26.7,7.2439,1.5979
09/02/1987,5.8,4.8250,3.2234
10/02/1987,0,4.8656,1.4326
11/02/1987,3,5.2215,1.0837
12/02/1987,4.9,5.4736,0.9734
13/02/1987,0,4.0506,0.9459
14/02/1987,7.6,4.7683,0.9275
15/02/1987,11.2,3.8455,1.1479
16/02/1987,4.4,5.1149,1.2030
17/02/1987,3.5,4.7830,1.2581
18/02/1987,14.7,5.7848,0.8743
19/02/1987,3.1,5.7297,1.0837
20/02/1987,0,4.9585,1.8000
21/02/1987,6.6,3.6704,1.2306
22/02/1987,1.3,4.6199,1.1204
23/02/1987,0,2.6590,0.9275
24/02/1987,0,2.9247,0.8247
25/02/1987,1.7,5.8304,0.7503
26/02/1987,0,5.5460,0.7016
27/02/1987,0,4.7042,0.6777
28/02/1987,0,4.4594,0.6777
01/03/1987,0,2.5176,0.6777
02/03/1987,1.2,5.8831,0.6777
03/03/1987,0,6.2283,0.6777
04/03/1987,0,6.5035,0.6777
05/03/1987,0,6.9313,0.6300
06/03/1987,0,6.4645,0.6061
07/03/1987,2.5,6.4924,0.5822
08/03/1987,0,6.2044,0.5822
09/03/1987,5,5.5582,0.5345
10/03/1987,0,4.0761,0.5822
11/03/1987,0.5,3.7115,0.5822
12/03/1987,0,3.2695,0.5584
13/03/1987,0,2.4108,0.5345
14/03/1987,0,2.2888,0.5345
15/03/1987,0,2.2066,0.5345
16/03/1987,0,2.2982,0.5345
17/03/1987,0,2.1732,0.5106
18/03/1987,0,2.2474,0.4867
19/03/1987,9.8,4.8245,0.4867
20/03/1987,0,4.8491,0.4867
21/03/1987,0,4.3453,0.5584
22/03/1987,0,3.1446,0.5584
23/03/1987,0,3.6422,0.5106
24/03/1987,4.8,4.5005,0.4867
25/03/1987,9,4.9098,0.4867
26/03/1987,3.8,4.8976,0.4482
27/03/1987,0,4.5144,0.6539
28/03/1987,0,5.1524,0.6061
29/03/1987,0,5.1128,0.5584
30/03/1987,0,5.3814,0.4867
31/03/1987,3.4,4.6897,0.4482
01/04/1987,3.4,4.8715,0.5106
02/04/1987,32.3,4.5501,0.5822
03/04/1987,0.7,1.8655,1.0837
04/04/1987,0,1.9814,0.8495
05/04/1987,0,2.7611,0.5345
06/04/1987,0,3.8270,0.5345
07/04/1987,0,2.4459,0.5345
08/04/1987,0,2.8854,0.4867
09/04/1987,5.7,2.1327,0.4867
10/04/1987,0,3.8278,0.4867
11/04/1987,2.9,4.0581,0.4674
12/04/1987,11.8,4.9720,0.6300
13/04/1987,50.5,3.4037,0.7255
14/04/1987,5.4,3.6980,3.4163
15/04/1987,0,2.0101,2.2591
16/04/1987,0,2.2461,0.9459
17/04/1987,0,2.6451,0.6061
18/04/1987,0,4.2262,0.5345
19/04/1987,1.8,4.3359,0.5345
20/04/1987,29,2.2039,3.7193
21/04/1987,0,2.0087,4.1418
22/04/1987,0,2.0017,1.0837
23/04/1987,1.7,4.0247,0.7503
24/04/1987,0,3.7115,0.7255
25/04/1987,0,3.7662,0.6539
26/04/1987,0,3.0945,0.6300
27/04/1987,3,3.5527,0.6300
28/04/1987,0.3,3.2489,0.6300
29/04/1987,0,2.4190,0.6300
30/04/1987,0,3.7064,0.6061
01/05/1987,0,1.7934,0.5584
02/05/1987,0,1.6917,0.4867
03/05/1987,0,1.5748,0.4867
04/05/1987,8.7,2.7791,0.4867
05/05/1987,6.5,3.3757,0.4867
06/05/1987,15.5,3.3348,0.8495
07/05/1987,67.3,3.8932,1.0286
08/05/1987,28.2,3.3816,6.5203
09/05/1987,0,2.3528,7.1356
10/05/1987,0,2.0828,2.3510
11/05/1987,4.5,2.6245,1.4602
12/05/1987,10.4,2.5193,1.5612
13/05/1987,0,2.1770,1.5336
14/05/1987,31.4,1.5291,1.1755
15/05/1987,38.8,2.5872,7.5488
16/05/1987,15.9,1.9473,7.5488
17/05/1987,5.6,2.2533,2.5806
18/05/1987,30.6,1.9674,2.3510
19/05/1987,27.4,3.0695,3.0306
20/05/1987,30.3,2.4574,6.9335
21/05/1987,0,2.5150,11.5712
22/05/1987,0,2.3776,6.5203
23/05/1987,0,2.3981,4.5366
24/05/1987,0,2.4197,3.0306
25/05/1987,0,1.7982,2.6724
26/05/1987,0.6,1.8014,2.5806
27/05/1987,1.5,2.1145,2.1306
28/05/1987,0.5,2.1144,2.0387
29/05/1987,0.4,2.2372,1.9561
30/05/1987,0,1.1065,1.8367
31/05/1987,0,1.2580,1.7173
01/06/1987,0,1.6081,1.5979
02/06/1987,2.2,1.4602,1.5612
03/06/1987,0,2.4649,1.5979
04/06/1987,0,2.3934,1.5336
05/06/1987,1,1.6446,1.4969
06/06/1987,7.6,2.2744,1.5612
07/06/1987,8.6,2.0469,1.8367
08/06/1987,0,1.8562,1.4969
09/06/1987,0,2.4044,1.4602
10/06/1987,0,2.2284,1.4326
11/06/1987,0,1.9183,1.3592
12/06/1987,8.1,2.1712,1.2030
13/06/1987,35.8,2.1804,1.6347
14/06/1987,43.8,2.0224,3.0306
15/06/1987,25.3,2.2251,8.5315
16/06/1987,8.9,1.2522,7.5488
17/06/1987,0,1.6515,4.1969
18/06/1987,0,1.4173,2.9387
19/06/1987,0,1.5333,2.4887
20/06/1987,0,1.5793,2.3510
21/06/1987,0,1.7189,2.2591
22/06/1987,6.9,1.4193,2.0387
23/06/1987,0,1.1793,2.2591
24/06/1987,0,1.3360,1.9561
25/06/1987,0,0.9646,1.9102
26/06/1987,0,1.1870,1.5979
27/06/1987,0,1.4763,1.5336
28/06/1987,0,1.9554,1.5336
29/06/1987,0,2.0404,1.5336
30/06/1987,0,1.8075,1.5336
01/07/1987,0,2.0561,1.5336
02/07/1987,0,1.6648,1.5336
03/07/1987,0,1.4885,1.4602
04/07/1987,0,1.7732,1.4602
05/07/1987,0,1.7787,1.4602
06/07/1987,0.2,2.1463,1.3959
07/07/1987,23.7,2.4075,1.4602
08/07/1987,11.7,2.2326,2.8010
09/07/1987,0.2,2.3375,2.8928
10/07/1987,0,2.2359,1.5612
11/07/1987,0,2.3581,1.3224
12/07/1987,0,2.5260,1.2581
13/07/1987,0,2.8259,1.2581
14/07/1987,0,2.7462,1.2306
15/07/1987,0,2.5951,1.2306
16/07/1987,0,2.4323,0.9734
17/07/1987,0,2.4436,1.1479
18/07/1987,0,2.5489,1.1479
19/07/1987,0.2,2.6310,1.0561
20/07/1987,0,2.6039,0.9734
21/07/1987,0,2.3212,0.9734
22/07/1987,0,2.4364,0.9734
23/07/1987,0,2.6156,0.9734
24/07/1987,0,2.6389,0.9734
25/07/1987,0,2.7964,0.9734
26/07/1987,0,2.7458,0.9734
27/07/1987,0,3.0196,0.9734
28/07/1987,0,3.0317,0.7255
29/07/1987,14,2.6721,0.7255
30/07/1987,1.2,2.4900,1.2306
31/07/1987,0,2.1790,0.9734
01/08/1987,0,1.7947,0.8495
02/08/1987,0.1,2.3394,0.4867
03/08/1987,0,1.2951,0.4867
04/08/1987,0.2,1.3009,0.4867
05/08/1987,21.8,2.8617,0.8495
06/08/1987,3,2.0110,1.8000
07/08/1987,1.2,2.0800,1.1755
08/08/1987,0.1,2.0981,0.9734
09/08/1987,0.1,1.2460,0.4867
10/08/1987,0,1.6122,0.6061
11/08/1987,0,2.6108,0.4867
12/08/1987,0.4,3.6110,0.4867
13/08/1987,0,3.4568,0.4867
14/08/1987,0,2.4246,0.4867
15/08/1987,0,3.0104,0.4867
16/08/1987,23.2,3.9375,0.4867
17/08/1987,0,2.9470,1.8000
18/08/1987,0,2.4750,0.4867
19/08/1987,0.2,2.8939,0.4867
20/08/1987,0.1,2.9361,0.4867
21/08/1987,0,2.9081,0.7751
22/08/1987,0,2.9744,0.7751
23/08/1987,0.1,3.2000,0.7751
24/08/1987,0,3.2601,0.7751
25/08/1987,0,3.2538,0.7999
26/08/1987,0,3.4091,0.7751
27/08/1987,0,4.1418,0.7016
28/08/1987,0,4.0523,0.7255
29/08/1987,0,3.7153,0.7016
30/08/1987,3.7,2.8355,0.7503
31/08/1987,0,2.7502,0.7751
01/09/1987,0,3.2759,0.7255
02/09/1987,7.9,4.0068,0.7255
03/09/1987,0,3.5777,0.8247
04/09/1987,0,3.4581,0.7503
05/09/1987,10,3.3795,0.6777
06/09/1987,0,3.9820,0.8743
07/09/1987,0,3.2427,0.7751
08/09/1987,0,1.9360,0.7016
09/09/1987,0,2.3367,0.6539
10/09/1987,11,5.0573,0.6777
11/09/1987,6.9,3.6692,0.8743
12/09/1987,0,4.0064,0.8991
13/09/1987,0,3.9061,0.8247
14/09/1987,0,2.0308,0.7255
15/09/1987,14,3.2512,0.6777
16/09/1987,16.2,3.5197,1.5612
17/09/1987,1.2,4.2310,1.2949
18/09/1987,0.1,4.2607,0.8495
19/09/1987,0,4.4547,0.7999
20/09/1987,5.5,3.6040,0.6777
21/09/1987,0.8,2.2395,0.8247
22/09/1987,0,1.9325,0.7503
23/09/1987,6,4.2620,0.7016
24/09/1987,0.1,4.6538,0.6777
25/09/1987,0,4.8408,0.6539
26/09/1987,0,3.7874,0.6777
27/09/1987,2,3.8110,0.6777
28/09/1987,0,4.6249,0.6777
29/09/1987,7.7,5.0325,0.7503
30/09/1987,7.2,4.5501,0.7751
01/10/1987,28.7,2.6337,1.9102
02/10/1987,0,4.0776,1.6347
03/10/1987,0.1,1.9296,0.9734
04/10/1987,0,3.8257,0.7999
05/10/1987,12.6,3.4633,0.7751
06/10/1987,0,2.8902,1.1755
07/10/1987,0,2.1902,0.8743
08/10/1987,0,2.8840,0.7751
09/10/1987,0,5.5399,0.7255
10/10/1987,0,3.9530,0.6539
11/10/1987,0,4.0358,0.6061
12/10/1987,2.5,4.5812,0.5822
13/10/1987,8.7,5.2618,0.7255
14/10/1987,1.7,5.2190,0.7255
15/10/1987,0,5.5167,0.6777
16/10/1987,11.5,4.9531,0.7255
17/10/1987,0.1,5.2040,1.0286
18/10/1987,35.1,2.3852,0.7751
19/10/1987,0.3,2.4573,2.8010
20/10/1987,0,2.3367,1.2581
21/10/1987,0.4,4.7223,0.9275
22/10/1987,0,3.0329,0.8743
23/10/1987,0,2.9891,0.7751
24/10/1987,1,6.0623,0.7255
25/10/1987,1.1,5.4628,0.7503
26/10/1987,0,5.9295,0.5822
27/10/1987,1.2,5.3687,0.7751
28/10/1987,7.9,4.3662,0.7751
29/10/1987,0,4.1092,0.6061
30/10/1987,0,5.4628,0.6777
31/10/1987,0,2.5878,0.6300
01/11/1987,0,4.1474,0.6300
02/11/1987,0,5.0191,0.5822
03/11/1987,0,3.6198,0.5584
04/11/1987,0,5.7560,0.5584
05/11/1987,10.7,4.1457,0.6300
06/11/1987,0,3.9574,0.6777
07/11/1987,0,2.7265,0.6300
08/11/1987,31.7,3.4463,0.6300
09/11/1987,0,5.3557,1.8367
10/11/1987,0,4.0498,0.8991
11/11/1987,0,3.9713,0.7255
12/11/1987,0,4.0676,0.6300
13/11/1987,2.4,4.4068,0.6061
14/11/1987,10.5,5.2718,0.6777
15/11/1987,1,7.0346,0.7503
16/11/1987,0,6.8507,0.7255
17/11/1987,0,5.1915,0.6300
18/11/1987,0,5.7918,0.5822
19/11/1987,0,6.5510,0.5345
20/11/1987,0,7.1151,0.5345
21/11/1987,0,6.6321,0.5345
22/11/1987,0,5.7323,0.5345
23/11/1987,0,5.5324,0.5106
24/11/1987,3.6,5.4943,0.5584
25/11/1987,4.4,5.2566,0.5822
26/11/1987,0,5.1586,0.5345
27/11/1987,0,4.7100,0.5345
28/11/1987,0,5.6382,0.5106
29/11/1987,0,6.5481,0.5106
30/11/1987,0.2,6.2998,0.4674
01/12/1987,9.1,5.5110,0.5106
02/12/1987,5.2,7.1559,0.6061
03/12/1987,27.1,5.3770,0.5345
04/12/1987,9.4,7.1846,1.2581
05/12/1987,0,7.2819,0.8247
06/12/1987,0,6.8286,0.6300
07/12/1987,0,7.2484,0.5345
08/12/1987,23.7,6.7823,0.5584
09/12/1987,0,6.5581,1.2581
10/12/1987,0,5.7192,0.6300
11/12/1987,0,5.0349,0.5584
12/12/1987,6.6,3.4149,0.5822
13/12/1987,0,2.6869,0.5822
14/12/1987,0,3.6843,0.5822
15/12/1987,0,4.0885,0.5345
16/12/1987,2.2,3.7463,0.4867
17/12/1987,24.7,3.8677,0.4867
18/12/1987,5.7,5.2283,0.8991
19/12/1987,0,5.1165,1.2306
20/12/1987,1.4,5.0057,0.7255
21/12/1987,8.4,4.2744,0.6777
22/12/1987,0,3.2977,0.7751
23/12/1987,0.3,4.5157,0.5584
24/12/1987,0,5.4030,0.5345
25/12/1987,0,5.2703,0.5345
26/12/1987,0,3.4604,0.5345
27/12/1987,0,4.0538,0.4674
28/12/1987,0.2,5.4156,0.5106
29/12/1987,3.8,5.3753,0.5106
30/12/1987,2.1,4.9054,0.4482
31/12/1987,1.4,7.4635,0.4867
01/01/1988,0,3.9235,0.4482
02/01/1988,0.1,2.9991,0.4482
03/01/1988,0,2.8949,0.4482
04/01/1988,0,3.1386,0.4482
05/01/1988,2.8,2.9132,0.4674
06/01/1988,0,5.7401,0.4674
07/01/1988,0,5.3263,0.3710
08/01/1988,0,6.5500,0.3903
09/01/1988,3.1,6.9271,0.3710
10/01/1988,20.3,6.0082,0.5584
11/01/1988,0,4.7092,0.6300
12/01/1988,0,3.8385,0.4289
13/01/1988,3.4,6.5558,0.4096
14/01/1988,13.8,7.8509,0.4096
15/01/1988,7.6,6.2397,0.4482
16/01/1988,16.9,4.4379,0.6061
17/01/1988,0.6,3.0921,1.2581
18/01/1988,0,3.3188,0.6300
19/01/1988,0,3.9894,0.5822
20/01/1988,0,5.3940,0.5584
21/01/1988,1,5.4787,0.4482
22/01/1988,3.3,4.7463,0.5584
23/01/1988,13.1,4.8468,0.4674
24/01/1988,0,4.6044,1.2581
25/01/1988,23.2,3.9770,1.0561
26/01/1988,6.8,3.1062,2.5806
27/01/1988,8.1,2.8189,0.8247
28/01/1988,1.9,2.8214,1.7540
29/01/1988,13.9,3.6072,1.6806
30/01/1988,15.2,3.5492,1.1479
31/01/1988,41,3.6147,1.1204
01/02/1988,7.1,6.1837,3.6183
02/02/1988,0,5.5465,3.2693
03/02/1988,0.9,3.2244,1.4326
04/02/1988,0.2,5.4528,1.0561
05/02/1988,0,4.1136,0.8991
06/02/1988,0,6.7466,0.8495
07/02/1988,5.6,6.3478,0.7751
08/02/1988,12.6,4.8988,0.8743
09/02/1988,14.1,2.8355,1.0837
10/02/1988,2.9,3.9725,1.9102
11/02/1988,0,3.0825,1.2949
12/02/1988,0,3.7598,0.9459
13/02/1988,0,2.4957,0.7999
14/02/1988,0,2.5869,0.7751
15/02/1988,0,3.5948,0.7999
16/02/1988,0,3.0241,0.7016
17/02/1988,0,3.0198,0.7255
18/02/1988,0,6.0519,0.7016
19/02/1988,1,5.6745,0.6539
20/02/1988,0,5.8559,0.5822
21/02/1988,0.2,6.3390,0.5822
22/02/1988,1,4.7116,0.6061
23/02/1988,0,4.2107,0.5822
24/02/1988,5.5,5.2922,0.5584
25/02/1988,17.6,3.8114,0.6300
26/02/1988,13.6,2.7363,0.9275
27/02/1988,5.4,3.6451,1.4602
28/02/1988,8,3.6010,1.0010
29/02/1988,21,6.1702,1.1204
01/03/1988,89,5.5052,1.8367
02/03/1988,27.7,5.0464,24.7954
03/03/1988,0,6.2639,7.1356
04/03/1988,0,4.8993,3.7193
05/03/1988,0,5.0661,2.1765
06/03/1988,2.6,6.4005,1.7173
07/03/1988,1.3,4.4499,1.5336
08/03/1988,4.6,4.4194,1.3959
09/03/1988,0.6,3.1889,1.2949
10/03/1988,0.1,2.9575,1.2581
11/03/1988,0,3.1869,1.2030
12/03/1988,0,4.2545,1.1755
13/03/1988,0,2.7014,1.0837
14/03/1988,0,3.8709,1.0286
15/03/1988,0,3.3952,1.0286
16/03/1988,18.4,5.9523,0.9459
17/03/1988,15.1,4.2256,1.4326
18/03/1988,0,4.7414,1.3959
19/03/1988,0,4.7005,1.0837
20/03/1988,0,2.3824,0.9734
21/03/1988,0,2.3789,0.9275
22/03/1988,0.1,2.4976,0.9275
23/03/1988,0,3.9443,0.8495
24/03/1988,0,5.1771,0.8247
25/03/1988,0,4.9088,0.8247
26/03/1988,0,5.1109,0.8247
27/03/1988,0,3.6418,0.8495
28/03/1988,2.9,3.3082,0.8247
29/03/1988,25.9,3.3370,0.7999
30/03/1988,13.6,2.7424,1.7173
31/03/1988,0,4.1590,1.8367
01/04/1988,0,5.2412,0.9734
02/04/1988,0,4.4679,0.8247
03/04/1988,2.5,4.6078,0.8247
04/04/1988,2.2,2.2229,0.7999
05/04/1988,0,3.0054,0.8495
06/04/1988,0,3.3841,0.7999
07/04/1988,18.1,2.4775,0.7751
08/04/1988,0,4.3851,1.4602
09/04/1988,0,3.6771,0.9275
10/04/1988,0,3.9652,0.8495
11/04/1988,0,4.6924,0.7751
12/04/1988,28.8,3.0633,0.7255
13/04/1988,4.1,2.0401,1.8000
14/04/1988,0,2.5568,1.5612
15/04/1988,0,3.4476,0.8743
16/04/1988,0,4.4606,0.7751
17/04/1988,0,4.1661,0.7751
18/04/1988,0,4.1232,0.7751
19/04/1988,0,4.3468,0.7751
20/04/1988,0.9,4.1770,0.7503
21/04/1988,1.3,4.4869,0.7503
22/04/1988,1.9,4.0282,0.7751
23/04/1988,0,3.3711,0.7255
24/04/1988,0,4.0515,0.6777
25/04/1988,26.8,3.5952,1.2306
26/04/1988,1.8,3.1023,1.8000
27/04/1988,9.1,3.7588,1.0837
28/04/1988,0.1,3.1785,1.0837
29/04/1988,0.1,2.9982,0.8991
30/04/1988,0,3.1578,0.8247
01/05/1988,12.5,3.2024,0.7751
02/05/1988,14.1,2.5828,1.5336
03/05/1988,17.2,2.9791,1.8734
04/05/1988,20.1,2.5767,3.2234
05/05/1988,2.7,2.5659,3.1775
06/05/1988,7.2,2.9813,2.3969
07/05/1988,7.1,2.6115,1.7173
08/05/1988,0.1,2.8315,2.2591
09/05/1988,0.1,2.9718,1.6806
10/05/1988,0.1,2.6109,1.3959
11/05/1988,0,2.8912,1.2581
12/05/1988,28.8,3.0091,1.1755
13/05/1988,7.4,2.9168,2.7091
14/05/1988,0,2.7701,3.1775
15/05/1988,0.1,1.6063,2.2591
16/05/1988,30.2,2.7105,1.6806
17/05/1988,5.4,2.8249,4.2520
18/05/1988,0.9,2.3039,3.3612
19/05/1988,0,3.0968,2.4428
20/05/1988,10.5,2.8726,2.0847
21/05/1988,11,3.0296,2.4428
22/05/1988,49.1,2.9052,3.3612
23/05/1988,15.3,2.9419,15.0609
24/05/1988,0.1,2.6285,9.6427
25/05/1988,0.1,2.1210,5.8591
26/05/1988,0,1.9198,4.2520
27/05/1988,0,1.1818,3.4622
28/05/1988,9.9,1.4459,2.9846
29/05/1988,13.1,2.2749,3.2234
30/05/1988,12.6,1.6434,3.8662
31/05/1988,0,1.2264,4.1969
01/06/1988,0.2,1.5730,3.2693
02/06/1988,0,1.5136,2.7550
03/06/1988,10.7,2.0267,2.5806
04/06/1988,0,1.6940,2.9387
05/06/1988,0.1,1.5860,2.5806
06/06/1988,0.1,1.7163,2.3051
07/06/1988,0,1.9474,2.2224
08/06/1988,0,1.3394,2.0387
09/06/1988,0,2.4109,1.9561
10/06/1988,0,1.3113,1.9102
11/06/1988,0,1.2379,1.9102
12/06/1988,0,1.6551,1.8367
13/06/1988,16.8,2.2695,1.7540
14/06/1988,2,1.7828,2.4887
15/06/1988,0,1.7740,2.0847
16/06/1988,0,1.0128,1.8000
17/06/1988,0,1.6942,1.6347
18/06/1988,0,2.0289,1.5336
19/06/1988,6.9,2.0377,1.6806
20/06/1988,0,2.1569,1.7173
21/06/1988,0.1,2.3407,1.7173
22/06/1988,1.7,2.5242,1.5979
23/06/1988,16.3,2.1862,1.8367
24/06/1988,7.6,1.3994,2.6265
25/06/1988,0,1.0322,2.8928
26/06/1988,0,1.1286,2.5346
27/06/1988,0,1.3516,1.8367
28/06/1988,0,1.9532,1.5612
29/06/1988,0,2.4276,1.4602
30/06/1988,0,1.8807,1.3224
01/07/1988,0,1.8992,1.3224
02/07/1988,0,1.2592,1.3224
03/07/1988,0,1.2224,1.3224
04/07/1988,0,1.5520,1.2581
05/07/1988,0,1.4494,1.2949
06/07/1988,0,2.3203,1.2581
07/07/1988,0,2.2819,1.2306
08/07/1988,0,2.5451,1.2306
09/07/1988,13,1.7515,1.2306
10/07/1988,1.9,1.0210,1.4602
11/07/1988,1.8,1.1737,1.4326
12/07/1988,0,1.5931,1.2949
13/07/1988,0.1,1.7564,1.2581
14/07/1988,0,1.8477,1.2030
15/07/1988,0.1,1.9824,1.1479
16/07/1988,0,1.4444,1.1479
17/07/1988,0,2.2360,1.1479
18/07/1988,0,2.1092,1.1479
19/07/1988,0,1.5011,1.1755
20/07/1988,0.1,2.4202,1.0286
21/07/1988,0.1,2.3075,1.0286
22/07/1988,0.4,2.2606,1.0286
23/07/1988,0,1.6260,1.0561
24/07/1988,0,1.1261,1.0561
25/07/1988,0,1.0567,1.0286
26/07/1988,0,1.1651,1.0286
27/07/1988,0,1.3529,1.0286
28/07/1988,0,1.9570,1.0010
29/07/1988,0,2.2184,1.0010
30/07/1988,0,1.8987,0.9734
31/07/1988,0,2.4532,0.9734
01/08/1988,0,1.9350,0.9734
02/08/1988,0,1.6514,0.9734
03/08/1988,0,1.6104,0.9734
04/08/1988,0,2.6337,0.9459
05/08/1988,0,2.0316,0.9275
06/08/1988,0,2.7287,0.8495
07/08/1988,0,3.3115,0.8743
08/08/1988,0,2.9324,0.8991
09/08/1988,0,2.2075,0.9459
10/08/1988,0,1.5744,0.8247
11/08/1988,0.4,2.6596,0.8495
12/08/1988,0,2.8186,0.8247
13/08/1988,0,3.1344,0.8495
14/08/1988,0,3.1898,0.8247
15/08/1988,0,3.4957,0.8495
16/08/1988,0,3.3225,0.7751
17/08/1988,0.8,2.9691,0.7751
18/08/1988,0,2.3632,0.7751
19/08/1988,0,1.6951,0.8247
20/08/1988,0.4,1.7371,0.7255
21/08/1988,0,3.2796,0.7999
22/08/1988,0,2.7126,0.7999
23/08/1988,0,1.6632,0.7503
24/08/1988,0,1.8298,0.7999
25/08/1988,0,2.4703,0.7016
26/08/1988,0,3.6029,0.7016
27/08/1988,0,3.8432,0.7255
28/08/1988,0,4.0916,0.7255
29/08/1988,0,4.0859,0.7255
30/08/1988,0,4.0128,0.8247
31/08/1988,9.5,3.7979,0.6539
01/09/1988,0,4.3898,0.6777
02/09/1988,0,3.5030,0.6539
03/09/1988,0,2.9827,0.6777
04/09/1988,0,1.8138,0.6777
05/09/1988,0,2.0445,0.7016
06/09/1988,0,2.2725,0.6539
07/09/1988,0,3.9403,0.6300
08/09/1988,0,3.1239,0.6300
09/09/1988,0,1.9599,0.5584
10/09/1988,0,2.3698,0.5822
11/09/1988,0,3.8282,0.6061
12/09/1988,0,4.4176,0.6300
13/09/1988,19.3,4.5239,0.7016
14/09/1988,1.8,3.6625,0.9275
15/09/1988,0,3.4640,0.7016
16/09/1988,23.4,3.5754,0.7016
17/09/1988,17.3,3.3953,1.3224
18/09/1988,0,3.3564,1.1204
19/09/1988,0.2,2.0889,0.8495
20/09/1988,7.3,2.6002,0.7016
21/09/1988,6.6,2.4954,0.8991
22/09/1988,0,2.0984,0.9275
23/09/1988,0,2.2518,0.7503
24/09/1988,0,4.6554,0.6300
25/09/1988,0,5.7732,0.6300
26/09/1988,0,5.3886,0.6300
27/09/1988,6.5,5.7702,0.5345
28/09/1988,0,3.2835,0.6539
29/09/1988,0,2.2491,0.6300
30/09/1988,0,4.4554,0.6300
01/10/1988,0,5.0366,0.6300
02/10/1988,0,5.5149,0.5106
03/10/1988,16,4.6178,0.6777
04/10/1988,0,3.9484,1.1204
05/10/1988,0,4.1472,0.6777
06/10/1988,0,3.3841,0.5584
07/10/1988,0,2.5115,0.5345
08/10/1988,0,3.3693,0.5345
09/10/1988,0,5.4206,0.5345
10/10/1988,0,5.0133,0.5345
11/10/1988,2,5.2264,0.4867
12/10/1988,1.8,2.2691,0.4867
13/10/1988,0.3,2.9262,0.4867
14/10/1988,0,4.7880,0.4867
15/10/1988,0,2.3360,0.4867
16/10/1988,0,4.7035,0.5106
17/10/1988,0,4.3425,0.5345
18/10/1988,0,4.4167,0.6061
19/10/1988,29.4,2.5764,0.7503
20/10/1988,0,4.5552,0.9459
21/10/1988,0,3.8419,0.7503
22/10/1988,23.8,3.8869,0.6061
23/10/1988,0,6.2240,1.0010
24/10/1988,0,5.1931,0.7751
25/10/1988,24,4.5742,0.8247
26/10/1988,0,2.4758,1.3224
27/10/1988,0,4.2862,0.8247
28/10/1988,0,5.2686,0.6777
29/10/1988,0,6.3871,0.6539
30/10/1988,0,6.0115,0.7503
31/10/1988,21.6,6.6097,0.7503
01/11/1988,0,5.7712,0.7255
02/11/1988,0,5.2657,0.5345
03/11/1988,0,4.8451,0.4867
04/11/1988,0,5.4335,0.4482
05/11/1988,0,4.9657,0.4674
06/11/1988,0,4.8377,0.4867
07/11/1988,0,3.9177,0.5345
08/11/1988,0,2.7117,0.5345
09/11/1988,0,4.1358,0.4289
10/11/1988,7.9,5.2171,0.3903
11/11/1988,0,3.7290,0.3903
12/11/1988,20.8,6.0916,0.6300
13/11/1988,0,6.8658,0.6061
14/11/1988,0,5.4102,0.5345
15/11/1988,0,2.7846,0.4674
16/11/1988,0,5.0226,0.4482
17/11/1988,0,6.1979,0.4482
18/11/1988,0,5.8422,0.4482
19/11/1988,0,5.7771,0.4096
20/11/1988,0,3.7858,0.4096
21/11/1988,1.7,3.4567,0.4096
22/11/1988,0,4.4689,0.3903
23/11/1988,0,3.7183,0.3517
24/11/1988,0,2.7774,0.3324
25/11/1988,0,4.5159,0.3324
26/11/1988,0,4.0325,0.3710
27/11/1988,0,3.1984,0.3710
28/11/1988,0,3.1796,0.3710
29/11/1988,0,2.9034,0.3710
30/11/1988,18.8,4.2510,0.3903
01/12/1988,4.5,4.8572,0.3710
02/12/1988,0,4.7676,0.4289
03/12/1988,0,3.0329,0.3710
04/12/1988,0,2.6122,0.3324
05/12/1988,0,3.2084,0.3324
06/12/1988,0,4.8222,0.3517
07/12/1988,0,2.6975,0.3324
08/12/1988,0,2.7281,0.3132
09/12/1988,0,3.1500,0.2654
10/12/1988,0,3.9295,0.2801
11/12/1988,4.1,4.8265,0.3132
12/12/1988,0,5.3880,0.3517
13/12/1988,13.1,2.8554,0.2939
14/12/1988,7.4,2.9097,0.3324
15/12/1988,0,6.0109,0.4482
16/12/1988,0,3.5488,0.4482
17/12/1988,0,4.0446,0.4096
18/12/1988,8.4,5.6741,0.3324
19/12/1988,4.6,7.5796,0.3324
20/12/1988,3,6.7608,0.4289
21/12/1988,0,5.5484,0.3903
22/12/1988,0,7.0537,0.3710
23/12/1988,0,5.7999,0.2939
24/12/1988,0,3.1076,0.2939
25/12/1988,7.4,4.1478,0.3324
26/12/1988,2.2,5.1681,0.3517
27/12/1988,32.5,4.8489,0.3324
28/12/1988,3.4,3.4607,1.0286
29/12/1988,31.9,2.7394,1.3224
30/12/1988,3.3,3.1021,1.4602
31/12/1988,0.6,4.1616,0.9459
01/01/1989,0,5.3440,0.7751
02/01/1989,0,4.4121,0.6061
03/01/1989,29.3,6.2905,0.7016
04/01/1989,10,6.2352,1.2581
05/01/1989,10.3,3.3376,0.9459
06/01/1989,0,3.5182,0.9734
07/01/1989,20.8,4.0400,0.8495
08/01/1989,11.1,3.8382,1.1755
09/01/1989,11.5,6.9620,1.6347
10/01/1989,3.3,3.4893,0.9734
11/01/1989,16.4,2.8147,1.2306
12/01/1989,5.3,4.1139,1.6347
13/01/1989,0,6.3800,1.1755
14/01/1989,5.7,3.0850,0.8991
15/01/1989,7.6,2.9112,0.9275
16/01/1989,2.3,3.1685,0.9459
17/01/1989,0,3.8084,0.8495
18/01/1989,0,4.6301,0.7751
19/01/1989,0,3.8354,0.7255
20/01/1989,32.2,4.7431,0.7503
21/01/1989,5.9,3.3502,1.7540
22/01/1989,1.1,2.7800,1.9928
23/01/1989,14.4,4.0743,0.9459
24/01/1989,10.7,4.1632,1.6347
25/01/1989,0,4.1182,1.6347
26/01/1989,0,4.4198,1.1755
27/01/1989,2.4,4.3927,0.8743
28/01/1989,0,3.8436,0.8495
29/01/1989,0,2.7546,0.8495
30/01/1989,14.9,3.0187,0.7999
31/01/1989,1,4.3044,0.9275
01/02/1989,54.9,6.2548,1.2306
02/02/1989,11.9,6.1143,1.9102
03/02/1989,21.4,5.8384,2.2224
04/02/1989,0,5.3388,1.9561
05/02/1989,0,6.5604,1.2949
06/02/1989,0,6.2752,1.0010
07/02/1989,0,6.1103,0.9459
08/02/1989,0,5.7624,0.9275
09/02/1989,0,6.2395,0.8991
10/02/1989,2.6,3.9452,0.9275
11/02/1989,2.1,3.7983,0.9459
12/02/1989,0.9,5.9454,0.8743
13/02/1989,10,7.3294,0.9459
14/02/1989,1.6,5.7986,1.0286
15/02/1989,16.7,6.0355,1.0837
16/02/1989,1.3,4.5280,1.1755
17/02/1989,8.4,4.7342,1.0010
18/02/1989,16.2,2.6065,1.2306
19/02/1989,9.9,2.6288,1.1755
20/02/1989,1.9,4.2725,1.2306
21/02/1989,4.9,6.4533,1.2030
22/02/1989,9.3,6.4678,1.0286
23/02/1989,0,6.7433,0.9459
24/02/1989,0,5.3152,0.8991
25/02/1989,0,3.2857,0.8743
26/02/1989,0,3.9686,0.8247
27/02/1989,7.9,4.1131,0.8247
28/02/1989,11.1,2.5503,0.8247
01/03/1989,39.7,2.4711,1.0010
02/03/1989,0,2.4650,6.8325
03/03/1989,17,3.0427,2.6265
04/03/1989,0,4.5244,1.7540
05/03/1989,0,5.1495,1.2581
06/03/1989,1.2,4.0693,1.2030
07/03/1989,0,5.2647,1.1479
08/03/1989,0,5.4644,1.0837
09/03/1989,0,5.7489,1.0010
10/03/1989,0,5.6286,0.9275
11/03/1989,1.1,6.0005,0.8991
12/03/1989,0.7,6.0102,0.9734
13/03/1989,1.7,5.6167,0.8991
14/03/1989,19.6,3.5272,0.9734
15/03/1989,0,3.5165,0.9459
16/03/1989,0,3.1221,0.8991
17/03/1989,0,5.3949,0.9275
18/03/1989,2.1,5.3012,0.8743
19/03/1989,3.5,5.3612,0.9275
20/03/1989,0.6,4.7586,0.9275
21/03/1989,4.1,4.6740,0.9734
22/03/1989,0.7,4.1389,1.0010
23/03/1989,0,4.8011,0.9275
24/03/1989,0,5.4449,0.8991
25/03/1989,1.9,4.5945,0.8743
26/03/1989,9.7,3.9872,0.8743
27/03/1989,0,3.6239,0.8247
28/03/1989,0,3.1525,0.7999
29/03/1989,0,4.4582,0.7751
30/03/1989,10.9,4.7682,0.7751
31/03/1989,2.8,3.7226,0.8495
01/04/1989,40.3,3.2931,1.0286
02/04/1989,0,2.0569,2.3510
03/04/1989,0,2.2865,1.3959
04/04/1989,7.7,3.0348,0.9734
05/04/1989,6.5,2.2973,0.9459
06/04/1989,0,2.9137,0.8991
07/04/1989,0,4.8649,0.8495
08/04/1989,0,4.7030,0.8247
09/04/1989,0,5.0610,0.8495
10/04/1989,0,4.7417,0.7751
11/04/1989,14,4.9642,0.7999
12/04/1989,0,4.3339,1.0010
13/04/1989,0,4.7028,0.9459
14/04/1989,0,4.1502,0.8991
15/04/1989,0,3.0972,0.7503
16/04/1989,0,4.0297,0.8247
17/04/1989,0.6,4.3944,0.8495
18/04/1989,0,4.2275,0.8743
19/04/1989,0,3.8334,0.8247
20/04/1989,0,3.5950,0.7999
21/04/1989,0,3.3531,0.7999
22/04/1989,0,3.2896,0.7999
23/04/1989,0,2.3151,0.7751
24/04/1989,0,2.6393,0.7751
25/04/1989,0,3.1895,0.7999
26/04/1989,26.9,3.8242,0.7751
27/04/1989,0,3.6550,0.9459
28/04/1989,19.7,3.2545,0.9734
29/04/1989,30.9,3.0278,1.2306
30/04/1989,51.5,3.4676,1.2030
01/05/1989,5.3,3.9521,2.3051
02/05/1989,6.8,3.5154,1.8734
03/05/1989,12.8,4.0060,1.6347
04/05/1989,12.2,3.5475,1.5336
05/05/1989,8.2,3.3769,1.6806
06/05/1989,0,2.7546,1.8367
07/05/1989,0,2.8844,1.6347
08/05/1989,0,1.3211,1.4969
09/05/1989,0,1.7873,1.3592
10/05/1989,0,2.7143,1.1755
11/05/1989,0,2.5058,1.0286
12/05/1989,0,2.9027,0.9275
13/05/1989,0,2.9549,0.8743
14/05/1989,0,2.2860,0.8247
15/05/1989,0,2.4492,0.7999
16/05/1989,0,2.4692,0.7751
17/05/1989,0,1.7189,0.7751
18/05/1989,0,1.5151,0.8247
19/05/1989,0,1.3462,0.8247
20/05/1989,0,2.5778,0.7751
21/05/1989,0,2.4659,0.7751
22/05/1989,0,2.7577,0.8247
23/05/1989,0,2.7030,0.8247
24/05/1989,0,1.5577,0.8495
25/05/1989,2.4,1.8048,0.9459
26/05/1989,0,1.9749,0.9459
27/05/1989,0,2.0506,0.9275
28/05/1989,0,2.1426,0.8743
29/05/1989,0,2.0455,0.8495
30/05/1989,0,2.0201,0.8247
31/05/1989,0,2.1409,0.8247
01/06/1989,0,2.2908,0.8495
02/06/1989,0,1.6304,0.8495
03/06/1989,0,2.0498,0.8991
04/06/1989,0,2.2034,0.9459
05/06/1989,0,2.0024,0.9275
06/06/1989,0,2.3193,0.8743
07/06/1989,10.4,2.5423,0.8743
08/06/1989,0,2.4558,0.8991
09/06/1989,0,1.8824,0.8495
10/06/1989,9.5,1.3048,0.8247
11/06/1989,9.1,1.9418,0.8743
12/06/1989,0.5,2.0200,0.8495
13/06/1989,0.3,1.9363,0.8247
14/06/1989,0,2.1384,0.8495
15/06/1989,4.7,1.9522,0.8991
16/06/1989,0,1.9859,0.8991
17/06/1989,0,2.0731,0.9459
18/06/1989,0,2.2954,0.9275
19/06/1989,0,2.1259,0.7255
20/06/1989,0,1.9000,0.8247
21/06/1989,0,2.0347,0.7751
22/06/1989,0,1.8203,0.8247
23/06/1989,0,1.8407,0.8495
24/06/1989,18.9,2.1171,0.8743
25/06/1989,0,2.1709,0.9734
26/06/1989,0,2.2690,0.9459
27/06/1989,9.7,2.0214,0.8495
28/06/1989,0,2.0087,0.8247
29/06/1989,0,1.9387,0.8743
30/06/1989,0,1.9817,0.8247
01/07/1989,0,2.0622,0.8247
02/07/1989,4.9,2.5865,0.8495
03/07/1989,0,2.0560,0.7999
04/07/1989,2.5,2.0183,0.7751
05/07/1989,0.8,1.9648,0.8247
06/07/1989,0,1.4673,0.8743
07/07/1989,0,1.7393,0.8495
08/07/1989,0,1.8642,0.8247
09/07/1989,0,1.8115,0.7751
10/07/1989,0,1.9529,0.7999
11/07/1989,0,1.8161,0.8495
12/07/1989,0,2.0784,0.8495
13/07/1989,0,1.2250,0.7999
14/07/1989,0,1.2086,0.8247
15/07/1989,0,1.5880,0.7999
16/07/1989,0,1.2853,0.8495
17/07/1989,0,2.1757,0.8495
18/07/1989,0,1.6807,0.8247
19/07/1989,0,2.0088,0.7751
20/07/1989,0,2.1398,0.8247
21/07/1989,0,2.2773,0.8247
22/07/1989,0,2.5515,0.8247
23/07/1989,0,2.3794,0.8495
24/07/1989,3.5,2.4920,0.8247
25/07/1989,31.7,2.8752,0.8991
26/07/1989,31.6,2.7769,2.0847
27/07/1989,13.6,3.0280,2.1306
28/07/1989,0,1.6727,1.7540
29/07/1989,7.3,1.7360,1.3224
30/07/1989,24.8,2.6440,1.0561
31/07/1989,0.6,2.1095,0.9275
01/08/1989,0,2.2989,0.8495
02/08/1989,0,2.3325,0.8247
03/08/1989,0,2.5319,0.7999
04/08/1989,1.9,2.7028,0.7751
05/08/1989,0,3.0448,0.7503
06/08/1989,0,2.3851,0.7999
07/08/1989,0,2.6508,0.8247
08/08/1989,0.3,2.6261,0.7751
09/08/1989,0,3.1605,0.8495
10/08/1989,0,2.6646,0.8495
11/08/1989,0,2.7313,0.7999
12/08/1989,0,2.7604,0.7503
13/08/1989,0,2.6414,0.7751
14/08/1989,0,2.9659,0.8247
15/08/1989,0,3.0584,0.7999
16/08/1989,0,3.1601,0.7751
17/08/1989,0,2.9717,0.8247
18/08/1989,0,3.3473,0.7999
19/08/1989,0,3.6914,0.7751
20/08/1989,1.9,3.7181,0.8495
21/08/1989,1.6,3.5462,0.8991
22/08/1989,18.6,4.0476,1.4969
23/08/1989,0,3.8493,1.3224
24/08/1989,10.5,3.8221,0.8991
25/08/1989,4.3,4.1072,0.8247
26/08/1989,1.9,3.7784,0.9459
27/08/1989,0.4,3.9517,1.0010
28/08/1989,0,3.4004,0.8991
29/08/1989,0,3.5218,0.8247
30/08/1989,0,4.0495,0.7999
31/08/1989,3.4,4.2494,0.8743
01/09/1989,0,4.1595,0.8743
02/09/1989,0,3.6037,0.8247
03/09/1989,0,3.3069,0.8495
04/09/1989,0,3.9688,0.8495
05/09/1989,0,4.2251,0.8495
06/09/1989,1.1,4.0885,0.8743
07/09/1989,17.4,1.8510,0.8495
08/09/1989,14,4.2594,1.3592
09/09/1989,6.8,4.4677,1.1204
10/09/1989,0,4.7491,0.9459
11/09/1989,1.9,5.0313,0.8495
12/09/1989,57.7,4.9172,3.5632
13/09/1989,0,4.8402,7.0346
14/09/1989,0,4.7986,1.8367
15/09/1989,0,2.5525,1.5612
16/09/1989,0,3.5437,1.2581
17/09/1989,0,3.2339,1.0837
18/09/1989,0,3.7832,1.0561
19/09/1989,0,3.9014,1.0010
20/09/1989,0,3.5662,0.9734
21/09/1989,0,4.2012,0.9275
22/09/1989,0,4.9956,0.9459
23/09/1989,7.2,4.7794,0.8991
24/09/1989,12.3,3.0092,0.9459
25/09/1989,0,3.8872,0.9459
26/09/1989,0,1.8094,0.9275
27/09/1989,0.6,1.9462,0.9459
28/09/1989,4.8,1.9031,1.1204
29/09/1989,0,2.2115,1.0010
30/09/1989,0,2.0675,0.8991
01/10/1989,0,2.1521,0.8495
02/10/1989,0,2.2186,0.7999
03/10/1989,10.3,2.4977,0.9734
04/10/1989,0,3.6714,0.9275
05/10/1989,0,5.1353,0.9275
06/10/1989,0,3.9696,0.8495
07/10/1989,0,2.6897,0.8991
08/10/1989,0.2,5.7471,0.8743
09/10/1989,0,4.8144,0.8991
10/10/1989,4,4.2305,0.8495
11/10/1989,15.2,5.5882,1.1204
12/10/1989,0,5.1280,1.0837
13/10/1989,0,4.8953,0.8991
14/10/1989,0,4.3717,0.8495
15/10/1989,0,3.0157,0.8495
16/10/1989,2.1,5.1401,0.8495
17/10/1989,0,3.8222,0.9459
18/10/1989,1.3,3.6286,0.8495
19/10/1989,1.3,5.5301,0.9459
20/10/1989,0,5.5842,0.8495
21/10/1989,0,5.5092,0.8495
22/10/1989,6.7,5.5627,0.8743
23/10/1989,0,2.2493,0.9459
24/10/1989,0,4.1930,0.8495
25/10/1989,9.6,4.5446,0.8495
26/10/1989,23.2,5.8467,1.0286
27/10/1989,12.2,5.4914,1.3592
28/10/1989,0,5.4054,1.2581
29/10/1989,0,5.8795,1.0286
30/10/1989,0,2.9708,0.8991
31/10/1989,0,2.6345,0.8247
01/11/1989,0,2.2259,0.7999
02/11/1989,0,3.3350,0.7503
03/11/1989,1.1,5.2149,0.7503
04/11/1989,0,5.6323,0.7503
05/11/1989,0,4.6845,0.7016
06/11/1989,0,3.8240,0.7016
07/11/1989,0,5.6259,0.7999
08/11/1989,0,5.8337,0.7999
09/11/1989,0,4.9170,0.7999
10/11/1989,0,5.0583,0.7255
11/11/1989,11,6.9533,0.6539
12/11/1989,0.5,5.8360,0.6539
13/11/1989,0,4.0902,0.7016
14/11/1989,0,4.1708,0.7999
15/11/1989,0,5.7726,0.7751
16/11/1989,0,2.9518,0.7016
17/11/1989,0,5.5308,0.8247
18/11/1989,0,6.6818,0.7999
19/11/1989,0,7.2106,0.7503
20/11/1989,3.3,4.1134,0.7016
21/11/1989,0,4.5363,0.7999
22/11/1989,24.3,3.1547,0.8247
23/11/1989,3.2,6.4193,0.7999
24/11/1989,3.1,6.2438,0.7503
25/11/1989,0,4.4291,0.6539
26/11/1989,4.6,6.7792,0.6061
27/11/1989,7,7.0216,0.7255
28/11/1989,7.4,6.1495,0.8247
29/11/1989,0,3.6798,0.8495
30/11/1989,0,2.7189,0.8247
01/12/1989,1,5.3129,0.7999
02/12/1989,0,3.6019,0.7503
03/12/1989,0,4.2076,0.7255
04/12/1989,0,6.3987,0.6777
05/12/1989,0,5.3897,0.6300
06/12/1989,0,5.4996,0.6061
07/12/1989,0,6.4730,0.6539
08/12/1989,0,6.6548,0.7503
09/12/1989,7.3,6.9353,0.7999
10/12/1989,5.1,7.3166,0.9275
11/12/1989,0,6.1516,0.8495
12/12/1989,0,6.7257,0.8495
13/12/1989,0,3.7770,0.7999
14/12/1989,1,2.7585,0.7503
15/12/1989,1.2,2.8530,0.7503
16/12/1989,0,3.3025,0.7503
17/12/1989,6.2,3.5995,0.7999
18/12/1989,53.7,3.5597,1.0010
19/12/1989,3.4,4.0778,1.2949
20/12/1989,0,6.7515,1.1479
21/12/1989,0,6.3445,0.9459
22/12/1989,0,4.6270,0.8991
23/12/1989,0,5.1341,0.8495
24/12/1989,0,5.1551,0.7999
25/12/1989,0,4.4598,0.7016
26/12/1989,0,2.7521,0.6539
27/12/1989,13.9,5.2285,0.7255
28/12/1989,48.2,5.9354,0.9275
29/12/1989,14.6,7.2217,1.5336
30/12/1989,1.2,7.2175,1.5336
31/12/1989,2.6,6.7829,1.2949
01/01/1990,12.9,3.9935,1.2030
02/01/1990,29,3.1271,1.3959
03/01/1990,0,2.5627,1.1755
04/01/1990,2.2,3.9228,1.1755
05/01/1990,9.1,5.9280,1.0561
06/01/1990,7.2,5.0235,1.1204
07/01/1990,9.4,2.9178,1.4602
08/01/1990,40.3,3.0417,2.1306
09/01/1990,19.7,4.6144,2.5346
10/01/1990,36.2,5.8497,4.2520
11/01/1990,7.6,4.3042,6.4376
12/01/1990,15.9,3.5534,7.1356
13/01/1990,9.7,3.0853,7.2366
14/01/1990,14.8,4.2357,7.4478
15/01/1990,18.8,6.3373,6.2723
16/01/1990,7.3,7.0170,1.9561
17/01/1990,4.1,4.3747,2.0387
18/01/1990,6.5,3.9959,2.2224
19/01/1990,10.7,4.0261,2.5346
20/01/1990,8.8,3.6490,2.6724
21/01/1990,12.6,6.9012,2.8469
22/01/1990,4.3,6.9453,4.3071
23/01/1990,0.9,6.9346,5.8591
24/01/1990,0,6.3865,2.9846
25/01/1990,6.5,6.1923,2.5806
26/01/1990,0,6.3530,2.1765
27/01/1990,0,7.2309,1.8367
28/01/1990,0.3,6.6801,1.5336
29/01/1990,0,6.9913,1.1755
30/01/1990,0,6.6241,0.9459
31/01/1990,0,5.4738,0.8991
01/02/1990,0,2.7052,0.8495
02/02/1990,0,3.7911,0.7999
03/02/1990,0,2.7195,0.7751
04/02/1990,0,4.7538,0.8495
05/02/1990,0,6.0326,0.7999
06/02/1990,0,6.6970,0.7016
07/02/1990,0,2.9829,0.6539
08/02/1990,0,6.9811,0.6539
09/02/1990,7.2,6.0507,0.7016
10/02/1990,11,6.0221,0.6539
11/02/1990,4.6,5.0536,0.7751
12/02/1990,11.7,7.0933,0.7999
13/02/1990,0,4.5008,0.7999
14/02/1990,1.7,4.4047,0.7016
15/02/1990,0,4.2792,0.6539
16/02/1990,0,4.8716,0.7503
17/02/1990,0,5.1768,0.8495
18/02/1990,2.9,3.8058,0.7999
19/02/1990,0,5.3881,0.7999
20/02/1990,0,6.2493,0.7016
21/02/1990,5.9,6.5903,0.6777
22/02/1990,23,5.6578,0.7999
23/02/1990,0,6.0125,0.8495
24/02/1990,1,6.0466,0.7999
25/02/1990,0.6,4.5645,0.7503
26/02/1990,0,5.2324,0.7016
27/02/1990,2.9,4.5783,0.7503
28/02/1990,0,2.3356,0.8247
01/03/1990,0,2.4657,0.7999
02/03/1990,36.3,2.5397,0.7503
03/03/1990,5.8,2.4190,0.6539
04/03/1990,9,2.5051,0.6539
05/03/1990,8.8,2.4946,0.6061
06/03/1990,3.3,2.6095,0.7016
07/03/1990,7.7,2.3854,0.6539
08/03/1990,2.9,3.1794,0.7503
09/03/1990,5.4,3.4807,0.7503
10/03/1990,0,4.4041,0.6539
11/03/1990,0,3.8804,0.6061
12/03/1990,3.7,3.3789,0.6539
13/03/1990,1.1,5.6140,0.7503
14/03/1990,20.3,3.4596,0.7503
15/03/1990,48.8,5.0034,0.8495
16/03/1990,1.9,4.2818,0.9459
17/03/1990,0,3.8750,0.8991
18/03/1990,2.4,3.0631,0.8247
19/03/1990,7.4,2.2460,0.8495
20/03/1990,5.2,4.2355,0.9459
21/03/1990,19.9,3.0202,0.8991
22/03/1990,8.4,2.0257,0.8991
23/03/1990,0,2.0775,0.8495
24/03/1990,0,3.1289,0.8247
25/03/1990,0,4.2614,0.7999
26/03/1990,0,4.4969,0.7751
27/03/1990,0,4.6914,0.8495
28/03/1990,2.9,3.2489,0.8495
29/03/1990,0,3.4422,0.8247
30/03/1990,0,4.0732,0.7999
31/03/1990,26.9,3.9497,0.8247
01/04/1990,0,5.0825,0.8495
02/04/1990,0,2.4381,0.8247
03/04/1990,0,2.0237,0.8743
04/04/1990,3,2.6862,0.8247
05/04/1990,4.9,3.4447,0.7999
06/04/1990,4.8,5.1723,0.8247
07/04/1990,6.3,3.8312,0.7751
08/04/1990,0,4.6624,0.7503
09/04/1990,0,4.3807,0.7751
10/04/1990,0,3.8487,0.7503
11/04/1990,0,4.7418,0.7016
12/04/1990,0,3.7368,0.7016
13/04/1990,0,2.4190,0.7503
14/04/1990,0,4.0933,0.7999
15/04/1990,0,3.5681,0.8247
16/04/1990,0,3.8159,0.8495
17/04/1990,0.2,3.5116,0.7999
18/04/1990,2.9,3.3472,0.7503
19/04/1990,0.4,2.8984,0.7255
20/04/1990,1.5,3.8626,0.6777
21/04/1990,8.2,4.4053,0.6539
22/04/1990,0,4.5596,0.7503
23/04/1990,0,4.1943,0.8247
24/04/1990,13.9,3.6587,0.9734
25/04/1990,17.6,2.9786,1.2949
26/04/1990,6.4,1.7480,1.2949
27/04/1990,0.5,1.7626,1.1479
28/04/1990,20.7,1.6462,1.0010
29/04/1990,1.8,3.7198,0.9275
30/04/1990,0,3.3443,0.8495
01/05/1990,0,1.9772,0.8495
02/05/1990,0,1.5860,0.6777
03/05/1990,0,3.0097,0.7999
04/05/1990,0,3.2924,0.7503
05/05/1990,0,3.0388,0.7751
06/05/1990,0,3.3750,0.7255
07/05/1990,0,3.4810,0.7016
08/05/1990,0,2.8516,0.7999
09/05/1990,0,3.2789,0.7999
10/05/1990,1,2.8924,0.7255
11/05/1990,1.6,2.8409,0.8247
12/05/1990,0,2.4667,0.8247
13/05/1990,0,2.6837,0.7503
14/05/1990,0.4,2.7530,0.7503
15/05/1990,2.9,3.0570,0.8495
16/05/1990,15.1,2.4637,0.8495
17/05/1990,8.3,2.7772,0.8247
18/05/1990,0,1.9357,0.7999
19/05/1990,0,1.8334,0.7503
20/05/1990,0,1.9686,0.7016
21/05/1990,0,2.1852,0.7016
22/05/1990,0,1.8675,0.7255
23/05/1990,0,1.8304,0.7751
24/05/1990,0,2.0583,0.8247
25/05/1990,0,2.0774,0.8247
26/05/1990,0,1.8971,0.8495
27/05/1990,0,1.8440,0.7999
28/05/1990,22.7,2.6107,0.8247
29/05/1990,7.9,2.8005,1.0837
30/05/1990,0,2.5776,1.3959
31/05/1990,3.2,2.5458,1.5979
01/06/1990,23.4,2.8736,1.4969
02/06/1990,0,2.5082,1.2581
03/06/1990,0,2.3823,1.0286
04/06/1990,0,2.5899,0.8247
05/06/1990,10.3,2.3486,0.8247
06/06/1990,0,2.5340,1.5336
07/06/1990,0,1.7449,1.5336
08/06/1990,0,2.1437,1.2581
09/06/1990,7.3,1.2883,1.1204
10/06/1990,0,1.3943,1.0561
11/06/1990,0,1.5999,0.9734
12/06/1990,0,1.9683,0.9275
13/06/1990,0,2.2210,0.8495
14/06/1990,5.2,2.1882,0.8991
15/06/1990,0,1.9664,0.9459
16/06/1990,0,1.8364,0.8991
17/06/1990,0,1.8086,0.8743
18/06/1990,0,2.0356,0.8247
19/06/1990,0,1.9891,0.7999
20/06/1990,9.9,2.1297,0.8991
21/06/1990,0,1.6768,1.1755
22/06/1990,0,1.6806,1.0561
23/06/1990,0,1.4472,0.9459
24/06/1990,0.5,1.8460,0.8991
25/06/1990,0,2.0618,0.8991
26/06/1990,0,1.8519,0.8743
27/06/1990,0,1.7595,0.8495
28/06/1990,0,2.0981,0.8247
29/06/1990,0,2.1209,0.7999
30/06/1990,0,2.1497,0.8247
01/07/1990,0,2.1927,0.7999
02/07/1990,0,1.8987,0.7503
03/07/1990,2.3,2.0368,0.7999
04/07/1990,11.9,1.5099,1.0286
05/07/1990,0,1.8618,1.0010
06/07/1990,0,2.0254,0.9459
07/07/1990,0,2.2681,0.8991
08/07/1990,0,2.4175,0.8743
09/07/1990,0,2.4142,0.8247
10/07/1990,0,2.3665,0.8495
11/07/1990,0,1.6507,0.7999
12/07/1990,0,1.8936,0.7503
13/07/1990,0,1.9727,0.7503
14/07/1990,0,2.2975,0.7503
15/07/1990,10.1,2.4244,0.8247
16/07/1990,23.2,2.4589,1.2306
17/07/1990,0.5,2.4618,1.4969
18/07/1990,50.8,2.7399,1.4602
19/07/1990,50.8,2.3886,6.1897
20/07/1990,45.3,1.9941,7.2366
21/07/1990,2.6,1.8941,7.4478
22/07/1990,0,1.0077,5.8591
23/07/1990,13.5,1.8001,2.3510
24/07/1990,8,2.2382,2.3969
25/07/1990,0,2.5914,2.3510
26/07/1990,0,2.7814,2.1306
27/07/1990,11.3,2.4166,1.7173
28/07/1990,0,1.7244,1.8000
29/07/1990,0,1.7631,1.6347
30/07/1990,0,1.6028,1.5612
31/07/1990,0,1.2304,1.4969
01/08/1990,0,1.9576,1.6347
02/08/1990,0,1.3121,1.8734
03/08/1990,0,1.3499,2.0387
04/08/1990,0,2.7450,1.9561
05/08/1990,0,2.5847,1.8000
06/08/1990,0,2.8271,1.6347
07/08/1990,0,2.7855,1.4969
08/08/1990,0,2.9178,1.3592
09/08/1990,0,2.0634,1.2581
10/08/1990,0,2.9621,1.1755
11/08/1990,0,3.3105,1.0561
12/08/1990,0,3.1433,0.9734
13/08/1990,0,3.0784,1.0010
14/08/1990,0,3.0472,1.1204
15/08/1990,7,3.0825,1.1479
16/08/1990,22.2,3.6166,1.5612
17/08/1990,0,3.3997,1.9102
18/08/1990,15.1,3.3373,2.5346
19/08/1990,18.5,3.0616,5.8591
20/08/1990,0.5,1.6438,3.9765
21/08/1990,0,1.4480,1.8367
22/08/1990,4.3,2.7923,1.4969
23/08/1990,1.5,1.8457,1.5336
24/08/1990,0,2.3897,1.4326
25/08/1990,5.7,2.5917,1.2949
26/08/1990,38.9,3.4125,1.3959
27/08/1990,7.9,3.9295,4.3622
28/08/1990,0,2.4495,3.9213
29/08/1990,0,2.9453,1.9102
30/08/1990,0,3.6099,1.5336
31/08/1990,4.7,1.8319,1.4326
01/09/1990,0,4.1858,1.4602
02/09/1990,0,3.7365,1.4326
03/09/1990,0,3.8266,1.3592
04/09/1990,11.8,3.8980,1.3224
05/09/1990,0,4.3613,1.4969
06/09/1990,13.9,4.1896,1.4326
07/09/1990,10.8,3.9434,1.5336
08/09/1990,0,3.8395,1.4969
09/09/1990,0,3.5019,1.4326
10/09/1990,0,2.8172,1.3592
11/09/1990,0,2.4470,1.3224
12/09/1990,53.9,4.9043,1.6806
13/09/1990,23.5,3.8583,4.0316
14/09/1990,0,3.6010,2.1765
15/09/1990,0,3.2778,1.8000
16/09/1990,0,2.8133,1.5612
17/09/1990,0,4.5893,1.4326
18/09/1990,0,4.6912,1.3959
19/09/1990,0.2,4.9167,1.3959
20/09/1990,0.3,4.9400,1.3959
21/09/1990,0,3.3862,1.3224
22/09/1990,25.2,4.8859,1.5979
23/09/1990,3.5,3.7000,1.6806
24/09/1990,0,2.7256,1.3959
25/09/1990,0,4.0914,1.2949
26/09/1990,0,4.2530,1.2581
27/09/1990,0,4.0056,1.2581
28/09/1990,9.9,4.6209,1.2030
29/09/1990,5.4,4.7916,1.4326
30/09/1990,0,4.9808,1.5336
01/10/1990,5.9,4.1990,1.3959
02/10/1990,12.2,2.7896,1.3592
03/10/1990,0,5.1202,1.2581
04/10/1990,0,5.5861,1.2030
05/10/1990,0,5.0027,1.1755
06/10/1990,0,5.2398,1.2030
07/10/1990,0,6.1679,1.1755
08/10/1990,3.7,3.2131,1.0837
09/10/1990,37.3,2.9077,1.0286
10/10/1990,6.9,4.5828,2.5806
11/10/1990,0,4.5524,1.6806
12/10/1990,7.4,4.9457,1.2581
13/10/1990,2.2,2.8314,1.2949
14/10/1990,23.3,2.4205,1.2949
15/10/1990,18.9,2.4869,1.4326
16/10/1990,0,2.1881,1.5612
17/10/1990,16.1,2.5117,1.6347
18/10/1990,4,5.2129,1.8000
19/10/1990,1.1,6.3622,1.7173
20/10/1990,0,6.4560,1.5612
21/10/1990,0,5.6359,1.4969
22/10/1990,0,4.9844,1.4326
23/10/1990,0,4.0467,1.3959
24/10/1990,0.6,5.6307,1.3224
25/10/1990,0.2,3.9852,1.2581
26/10/1990,0,4.0938,1.2030
27/10/1990,0,6.0905,1.1479
28/10/1990,0,6.6262,1.1479
29/10/1990,1.8,5.6361,1.1204
30/10/1990,20.7,2.6772,1.2306
31/10/1990,0.5,3.2816,1.2581
01/11/1990,2.4,7.2955,1.2306
02/11/1990,10.7,6.7251,1.2306
03/11/1990,0,7.0591,1.2306
04/11/1990,20.3,7.0696,1.1755
05/11/1990,15.6,5.8306,1.2949
06/11/1990,3.3,3.3482,1.2949
07/11/1990,0,2.9380,1.3592
08/11/1990,28.2,6.1182,1.3592
09/11/1990,10.9,6.4808,1.3224
10/11/1990,4.5,5.7917,1.8734
11/11/1990,0,4.6384,1.8734
12/11/1990,5.5,4.1968,1.7540
13/11/1990,0,4.3059,1.8000
14/11/1990,0,2.8311,1.4602
15/11/1990,0,3.7279,1.3959
16/11/1990,0,3.9884,1.3592
17/11/1990,0,6.5056,1.3224
18/11/1990,1.2,7.5153,1.2581
19/11/1990,1.3,7.0978,1.2949
20/11/1990,5.9,6.8517,1.2306
21/11/1990,0.1,7.2410,1.2030
22/11/1990,0,3.2923,1.1204
23/11/1990,0,5.7379,1.1204
24/11/1990,0,7.0231,1.0837
25/11/1990,1,6.8759,1.0286
26/11/1990,5.1,5.4675,0.9734
27/11/1990,0,6.9692,1.0837
28/11/1990,0,5.5820,1.0286
29/11/1990,0,4.7537,1.0837
30/11/1990,0,5.7745,1.0837
01/12/1990,0,5.5740,1.0561
02/12/1990,0,5.9413,1.0286
03/12/1990,0.2,6.4810,1.0286
04/12/1990,0.2,6.0872,1.0010
05/12/1990,0,5.7828,0.9734
06/12/1990,6.6,4.6732,1.0010
07/12/1990,3,6.0607,1.1204
08/12/1990,1.2,4.2192,1.1204
09/12/1990,0,2.4680,1.0837
10/12/1990,0,4.5985,1.0837
11/12/1990,0.2,7.6577,1.0837
12/12/1990,17.1,7.5130,1.0286
13/12/1990,3,6.7883,1.0561
14/12/1990,0,4.4274,1.0286
15/12/1990,0,5.0250,1.0286
16/12/1990,0,7.5743,1.0286
17/12/1990,0,7.0127,1.0286
18/12/1990,0,5.9177,1.0010
19/12/1990,0,7.2520,0.9734
20/12/1990,0,6.3817,0.9734
21/12/1990,0,7.2376,1.0010
22/12/1990,0,7.2654,0.9734
23/12/1990,0,7.0222,0.9734
24/12/1990,0,6.6299,0.9275
25/12/1990,0,5.5106,0.9734
26/12/1990,0,6.0799,0.9734
27/12/1990,0,5.2208,0.9734
28/12/1990,9.2,6.4555,0.9734
29/12/1990,0,4.3955,1.0010
30/12/1990,0,4.3115,0.9459
31/12/1990,0,2.6844,0.9275
01/01/1991,0,2.6338,0.9275
02/01/1991,0.3,5.8778,0.9734
03/01/1991,16.6,7.1346,0.9275
04/01/1991,0,6.6330,0.9275
05/01/1991,0,5.4206,0.8991
06/01/1991,2.2,5.8042,0.9275
07/01/1991,0,5.5548,0.9275
08/01/1991,0,4.8788,0.8743
09/01/1991,0,4.3916,0.9275
10/01/1991,18.2,2.7963,0.8991
11/01/1991,0.3,2.8170,1.0286
12/01/1991,0,4.1724,0.9275
13/01/1991,0,3.4339,0.8991
14/01/1991,2.3,4.2906,0.8743
15/01/1991,0,5.8923,0.8743
16/01/1991,23.4,3.2532,0.8743
17/01/1991,0,3.8803,0.8495
18/01/1991,0,3.5223,0.8247
19/01/1991,0,3.7531,0.8247
20/01/1991,0,2.7775,0.8247
21/01/1991,0,4.1050,0.8247
22/01/1991,15.7,4.8631,0.8247
23/01/1991,0,5.1644,0.8495
24/01/1991,4.7,2.9321,0.8247
25/01/1991,32.1,4.1234,1.0561
26/01/1991,11.9,3.1786,1.3224
27/01/1991,0,2.8254,1.2306
28/01/1991,0,3.0012,1.2030
29/01/1991,1.7,7.7272,1.1755
30/01/1991,12.3,7.0003,1.1755
31/01/1991,0,7.0208,1.1755
01/02/1991,0,7.0308,0.9459
02/02/1991,6.5,6.7676,0.8495
03/02/1991,9.5,7.3894,1.0010
04/02/1991,4.7,7.0308,0.9459
05/02/1991,0,6.7722,0.9275
06/02/1991,1.4,6.3110,0.8495
07/02/1991,46.8,6.5988,1.0286
08/02/1991,8,6.6471,4.1969
09/02/1991,5.4,5.0065,2.3051
10/02/1991,0,5.3882,1.9928
11/02/1991,0,4.2303,1.6347
12/02/1991,9.7,4.4082,1.0286
13/02/1991,0,3.0520,1.0010
14/02/1991,0,5.0616,0.9275
15/02/1991,0,5.5592,0.8743
16/02/1991,0,5.9901,0.8743
17/02/1991,53.2,6.4555,0.8743
18/02/1991,12.8,6.1893,3.3612
19/02/1991,0,4.5626,2.4428
20/02/1991,0,3.3526,1.2581
21/02/1991,0,4.6539,0.8991
22/02/1991,0,4.4985,0.8743
23/02/1991,0,4.9278,0.8743
24/02/1991,0,3.9841,0.8247
25/02/1991,0,4.0467,0.8247
26/02/1991,0,4.9658,0.8247
27/02/1991,0,3.6720,0.8247
28/02/1991,1.7,5.9908,0.8247
01/03/1991,4,6.6674,0.8991
02/03/1991,7.3,4.9882,0.9459
03/03/1991,5.2,6.0537,0.9459
04/03/1991,14.5,3.5646,0.8743
05/03/1991,18.9,5.6850,0.8991
06/03/1991,19.6,6.0441,1.4326
07/03/1991,2.4,6.1511,1.2581
08/03/1991,0.4,6.0478,0.9459
09/03/1991,0,5.3249,0.8991
10/03/1991,0,2.7270,0.8495
11/03/1991,14.3,5.2241,0.8495
12/03/1991,0.6,4.5812,1.0010
13/03/1991,4.4,6.1182,0.9734
14/03/1991,0,3.8803,0.8991
15/03/1991,0,4.9381,0.8495
16/03/1991,0,4.0849,0.8495
17/03/1991,0,2.4473,0.8247
18/03/1991,42,2.9607,0.8991
19/03/1991,0,6.0359,1.9102
20/03/1991,0,5.9045,0.8991
21/03/1991,26.5,5.5075,1.1755
22/03/1991,16.2,4.4197,1.9102
23/03/1991,0,4.7851,1.3592
24/03/1991,0,4.9902,0.9459
25/03/1991,0,4.8467,0.8991
26/03/1991,0,3.0044,0.8743
27/03/1991,0.8,4.1212,0.8743
28/03/1991,0.4,2.5347,0.8991
29/03/1991,0.5,2.8171,0.8743
30/03/1991,0,4.8697,0.8743
31/03/1991,5.1,3.6709,0.8991
01/04/1991,28.3,4.7917,0.9459
02/04/1991,0,4.5852,1.7173
03/04/1991,0,4.8705,1.0837
04/04/1991,0,4.5953,0.8991
05/04/1991,0,4.2649,0.8743
06/04/1991,0,4.3408,0.8247
07/04/1991,8.8,3.3323,1.0010
08/04/1991,6.6,4.3320,0.9459
09/04/1991,0,3.4851,0.8991
10/04/1991,0,3.6536,0.8743
11/04/1991,0,2.9674,0.8495
12/04/1991,0,4.2867,0.8247
13/04/1991,0,3.5730,0.8247
14/04/1991,0,4.4266,0.8247
15/04/1991,0,4.3530,0.7999
16/04/1991,0,3.8397,0.8495
17/04/1991,0,4.4171,0.8495
18/04/1991,9.6,4.6584,0.8743
19/04/1991,0.3,3.8842,0.8495
20/04/1991,0,3.3045,0.8247
21/04/1991,0,2.5968,0.8247
22/04/1991,0,1.6193,0.7999
23/04/1991,4.2,2.1759,0.7999
24/04/1991,10.4,3.7957,0.9275
25/04/1991,6.4,3.4473,0.9459
26/04/1991,0,3.3422,0.8991
27/04/1991,0,1.6646,0.8743
28/04/1991,0,2.3340,0.8247
29/04/1991,0,1.6033,0.8247
30/04/1991,0,1.5732,0.8247
01/05/1991,0,1.6464,0.7999
02/05/1991,0,3.1848,0.7999
03/05/1991,0,3.5957,0.7999
04/05/1991,0,3.3188,0.8247
05/05/1991,2.8,3.3895,0.8247
06/05/1991,2.3,2.9263,0.8495
07/05/1991,3,2.5724,0.8247
08/05/1991,0,3.1528,0.8247
09/05/1991,0,2.6812,0.7751
10/05/1991,0,3.0516,0.7751
11/05/1991,0,2.6367,0.7751
12/05/1991,0,2.3585,0.7751
13/05/1991,7.3,1.3885,0.7999
14/05/1991,29.6,1.6316,1.2030
15/05/1991,0,1.3574,1.6347
16/05/1991,0,1.3575,1.0837
17/05/1991,0.3,2.7983,0.8247
18/05/1991,0,2.9892,0.7999
19/05/1991,0,3.1270,0.7999
20/05/1991,0,2.8189,0.8247
21/05/1991,0,2.9744,0.8247
22/05/1991,0,2.8635,0.8247
23/05/1991,0,2.1212,0.8247
24/05/1991,0,2.3962,0.7751
25/05/1991,0,1.8470,0.7751
26/05/1991,0,2.1264,0.7751
27/05/1991,0,2.3116,0.7751
28/05/1991,0,2.0603,0.7751
29/05/1991,0,2.2403,0.7751
30/05/1991,0,2.5103,0.7751
31/05/1991,0,2.4220,0.7751
01/06/1991,0,2.2459,0.7503
02/06/1991,0,1.2314,0.7751
03/06/1991,0,2.1693,0.7751
04/06/1991,0,2.3401,0.7751
05/06/1991,4.5,2.4280,0.7751
06/06/1991,6.9,1.2593,0.9275
07/06/1991,11.8,1.1320,1.2030
08/06/1991,0,1.1382,1.0286
09/06/1991,0,1.1196,0.8991
10/06/1991,0,1.3918,0.8247
11/06/1991,0,1.6554,0.8247
12/06/1991,0,1.8778,0.7999
13/06/1991,0,2.0503,0.7751
14/06/1991,0,1.9247,0.7751
15/06/1991,0,1.9117,0.7751
16/06/1991,0,1.9733,0.7503
17/06/1991,0,2.2604,0.7503
18/06/1991,0,2.2105,0.7751
19/06/1991,14.9,1.5252,0.8743
20/06/1991,54.8,1.1657,1.8734
21/06/1991,3,1.2145,2.5346
22/06/1991,16.1,1.1689,2.1306
23/06/1991,0.3,1.2210,1.6347
24/06/1991,3,1.9118,1.1479
25/06/1991,0,2.0886,0.9275
26/06/1991,0,1.7185,0.8991
27/06/1991,0,2.4960,0.8743
28/06/1991,3.2,2.3352,0.8743
29/06/1991,0,1.6965,0.8495
30/06/1991,0,1.6004,0.8247
01/07/1991,0,1.7432,0.8495
02/07/1991,0,2.0186,0.8495
03/07/1991,0,1.9233,0.8247
04/07/1991,0,1.8601,0.8247
05/07/1991,0,1.6903,0.8247
06/07/1991,0,2.0612,0.7999
07/07/1991,0,2.2667,0.7999
08/07/1991,0,1.4633,0.7999
09/07/1991,0,1.6196,0.7999
10/07/1991,1.8,2.2374,0.8247
11/07/1991,0,1.9221,0.7999
12/07/1991,0,2.0598,0.7999
13/07/1991,0,1.2506,0.7999
14/07/1991,0,2.0856,0.7999
15/07/1991,0,2.0135,0.7999
16/07/1991,0,2.4825,0.7751
17/07/1991,0,1.2528,0.7751
18/07/1991,0,1.7173,0.7751
19/07/1991,0,2.1652,0.7751
20/07/1991,0,2.6736,0.7751
21/07/1991,0,2.5868,0.7503
22/07/1991,0,2.5035,0.7503
23/07/1991,0,1.8874,0.7503
24/07/1991,0,2.0710,0.7503
25/07/1991,0,2.2029,0.7503
26/07/1991,0,2.3524,0.7255
27/07/1991,0,2.7775,0.7255
28/07/1991,0,2.7202,0.7255
29/07/1991,0,2.6056,0.7255
30/07/1991,0,2.5189,0.7255
31/07/1991,0,2.3166,0.7255
01/08/1991,2.8,2.5718,0.7255
02/08/1991,0,1.9433,0.7255
03/08/1991,0,1.8754,0.7255
04/08/1991,0,2.5162,0.7255
05/08/1991,1.6,2.8656,0.7503
06/08/1991,0.2,2.7330,0.7255
07/08/1991,15.6,3.3913,0.7503
08/08/1991,18.1,3.1028,0.9275
09/08/1991,20.3,3.4911,1.0286
10/08/1991,16.9,3.6524,1.3959
11/08/1991,0.6,3.0958,1.6347
12/08/1991,0,2.8707,1.2306
13/08/1991,0,3.3433,0.9275
14/08/1991,0,3.5127,0.8247
15/08/1991,0,3.3030,0.7751
16/08/1991,0,2.8762,0.7751
17/08/1991,0,2.6874,0.7503
18/08/1991,0,3.4549,0.7255
19/08/1991,0,3.1306,0.7255
20/08/1991,0,3.7132,0.7255
21/08/1991,0,3.8646,0.7255
22/08/1991,0,3.6902,0.7255
23/08/1991,0,3.8498,0.7255
24/08/1991,0,3.7743,0.7255
25/08/1991,0,3.9023,0.7255
26/08/1991,0,3.3137,0.7255
27/08/1991,0,3.9173,0.7255
28/08/1991,0,3.6090,0.7255
29/08/1991,0,2.8360,0.7255
30/08/1991,0,3.9786,0.7255
31/08/1991,0,4.2154,0.7255
01/09/1991,0,3.9733,0.7255
02/09/1991,0,3.7920,0.7255
03/09/1991,0,3.7491,0.5584
04/09/1991,0,3.8654,0.4289
05/09/1991,0,4.0234,0.4096
06/09/1991,0,4.1209,0.4096
07/09/1991,0,4.1860,0.4096
08/09/1991,0,4.2334,0.3710
09/09/1991,0,4.1791,0.3710
10/09/1991,0,4.1991,0.3710
11/09/1991,0,4.2721,0.3903
12/09/1991,0,3.8755,0.4096
13/09/1991,0,4.3607,0.4096
14/09/1991,0,3.2748,0.4096
15/09/1991,0,4.7774,0.3710
16/09/1991,0,5.0994,0.3710
17/09/1991,0,5.2205,0.3710
18/09/1991,0.8,4.9122,0.3710
19/09/1991,0.1,4.2941,0.3710
20/09/1991,0,3.1611,0.3710
21/09/1991,0,2.8109,0.3710
22/09/1991,0,2.0810,0.3710
23/09/1991,2.3,4.7815,0.3710
24/09/1991,9.5,4.5381,0.3710
25/09/1991,4.8,2.2589,0.5584
26/09/1991,5.4,1.9811,0.7751
27/09/1991,4.4,2.0340,1.0286
28/09/1991,1.1,5.4569,0.9459
29/09/1991,6.3,5.3822,0.7999
30/09/1991,11.8,5.1734,0.6539
01/10/1991,0,4.8439,0.6061
02/10/1991,7,4.5370,0.6300
03/10/1991,0.7,4.6757,0.6061
04/10/1991,0,4.9832,0.6539
05/10/1991,13.4,4.6331,0.7999
06/10/1991,35.1,4.2541,0.7999
07/10/1991,0.5,5.0246,0.8991
08/10/1991,2.3,4.6350,0.6777
09/10/1991,30.5,4.9919,0.7016
10/10/1991,0,5.1041,1.2949
11/10/1991,0,4.2378,0.8247
12/10/1991,0,2.1656,0.6300
13/10/1991,0,2.3996,0.5345
14/10/1991,0,3.0694,0.5106
15/10/1991,0,4.9535,0.5106
16/10/1991,0,6.0430,0.4289
17/10/1991,26.9,4.4285,0.4289
18/10/1991,14,4.1334,1.6347
19/10/1991,0,5.4820,1.0837
20/10/1991,0,4.4312,0.6539
21/10/1991,0,4.8280,0.5584
22/10/1991,0,5.2984,0.5106
23/10/1991,0,6.2397,0.4867
24/10/1991,12.4,3.5175,0.4482
25/10/1991,0,4.6666,0.6539
26/10/1991,59.3,5.5543,0.5584
27/10/1991,0,5.2386,4.3071
28/10/1991,1.8,4.1233,1.1479
29/10/1991,19.6,5.7213,0.8247
30/10/1991,1.2,6.4516,1.3592
31/10/1991,2.8,5.7174,0.8991
01/11/1991,8.5,5.4742,0.9275
02/11/1991,0.3,5.0001,0.8743
03/11/1991,2.2,4.0117,0.7255
04/11/1991,0.8,3.7809,0.7016
05/11/1991,0,5.7629,0.6539
06/11/1991,0,6.2280,0.6061
07/11/1991,0.8,6.6593,0.5822
08/11/1991,0,6.2518,0.5584
09/11/1991,1.5,3.0588,0.6061
10/11/1991,0,2.9144,0.5822
11/11/1991,0,4.7943,0.5584
12/11/1991,21.3,5.8650,0.5822
13/11/1991,0.9,4.4940,1.5336
14/11/1991,0.3,2.8474,0.6777
15/11/1991,0,5.2154,0.6061
16/11/1991,0,4.8133,0.5822
17/11/1991,0,6.9559,0.5584
18/11/1991,0,7.3729,0.5345
19/11/1991,0,6.7717,0.4867
20/11/1991,0,4.7437,0.4674
21/11/1991,0,5.4553,0.4674
22/11/1991,0,6.7163,0.4482
23/11/1991,0,7.2241,0.4289
24/11/1991,0,6.8972,0.4482
25/11/1991,0,4.4792,0.4482
26/11/1991,0.2,3.2674,0.5106
27/11/1991,0.2,5.9889,0.4289
28/11/1991,0,4.7612,0.4096
29/11/1991,3.7,6.3099,0.4289
30/11/1991,15.5,6.5992,0.5584
01/12/1991,0,5.6988,0.8247
02/12/1991,0,5.3775,0.5345
03/12/1991,0,6.2480,0.4482
04/12/1991,0,5.0179,0.4289
05/12/1991,0,6.8545,0.4289
06/12/1991,4.2,6.4669,0.4096
07/12/1991,18.7,4.7425,0.4482
08/12/1991,3.3,6.6495,0.7503
09/12/1991,24.1,5.9642,0.5584
10/12/1991,5.8,4.8158,1.0561
11/12/1991,0.4,7.3717,3.0765
12/12/1991,0,5.9131,3.6642
13/12/1991,0,6.1345,3.8203
14/12/1991,2.2,5.7680,3.8662
15/12/1991,59.7,3.4366,3.5173
16/12/1991,0,2.9575,6.4376
17/12/1991,21.9,3.0015,1.5612
18/12/1991,4.7,2.8097,1.1204
19/12/1991,0,5.0038,0.8743
20/12/1991,0,4.9739,0.7255
21/12/1991,0,6.2554,0.6061
22/12/1991,18,5.6046,0.5822
23/12/1991,4.6,4.4158,0.9275
24/12/1991,8.5,5.3275,0.7503
25/12/1991,15.7,7.5618,0.7016
26/12/1991,22,6.4897,3.4163
27/12/1991,0,2.9219,2.3051
28/12/1991,0,5.0089,1.0837
29/12/1991,0,2.9698,0.7999
30/12/1991,0,5.6220,0.7016
31/12/1991,0,4.8100,0.6539
01/01/1992,0,3.4761,0.6061
02/01/1992,0,6.5798,0.6300
03/01/1992,2.4,5.8257,0.5584
04/01/1992,0,7.0171,0.5584
05/01/1992,0,6.5294,0.5345
06/01/1992,0,5.8775,0.5106
07/01/1992,0,3.9277,0.5345
08/01/1992,7.4,2.8419,0.4482
09/01/1992,0,3.4853,0.5345
10/01/1992,0,5.6649,0.5106
11/01/1992,0,6.0883,0.4867
12/01/1992,0,5.3482,0.4674
13/01/1992,9.7,5.4635,0.4674
14/01/1992,0,6.6259,0.4674
15/01/1992,0,5.2325,0.4482
16/01/1992,0,4.2047,0.4482
17/01/1992,0,3.9959,0.4289
18/01/1992,0,5.6421,0.4289
19/01/1992,0,5.9598,0.4096
20/01/1992,0,6.2078,0.4096
21/01/1992,0,4.7895,0.5106
22/01/1992,0,3.3531,0.3903
23/01/1992,0,6.0802,0.4289
24/01/1992,0,6.1082,0.3903
25/01/1992,3.8,5.8910,0.3903
26/01/1992,6.9,5.8137,0.4289
27/01/1992,13,5.5944,0.4096
28/01/1992,2.1,6.2432,0.5584
29/01/1992,0,4.2937,0.5822
30/01/1992,0.4,3.8278,0.4482
31/01/1992,15.1,2.8335,0.4482
01/02/1992,6.2,3.3810,0.5345
02/02/1992,4,4.0269,0.5345
03/02/1992,0,4.5195,0.5106
04/02/1992,1,3.2027,0.4867
05/02/1992,0.7,3.8405,0.4289
06/02/1992,0,4.8052,0.3903
07/02/1992,9.7,3.7692,0.4096
08/02/1992,9.6,3.1351,0.5822
09/02/1992,7.2,3.7134,0.5822
10/02/1992,1.3,5.4187,0.6061
11/02/1992,0,6.1329,0.4867
12/02/1992,0,5.7642,0.4289
13/02/1992,1.1,5.3926,0.4096
14/02/1992,0,6.2504,0.4096
15/02/1992,0.9,6.1396,0.3903
16/02/1992,0.9,4.0089,0.3710
17/02/1992,15.9,5.4539,0.3710
18/02/1992,2.7,3.2672,0.5345
19/02/1992,0.9,4.2682,0.4867
20/02/1992,0,5.4858,0.3903
21/02/1992,0,6.1663,0.3710
22/02/1992,13,5.8294,0.3710
23/02/1992,0,4.4469,0.5584
24/02/1992,15,4.5728,0.4482
25/02/1992,14.4,2.4932,1.1204
26/02/1992,5.4,3.1268,0.9734
27/02/1992,0,2.7318,0.6061
28/02/1992,0.6,4.0995,0.5345
29/02/1992,0,4.0217,0.4482
01/03/1992,0.4,2.5510,0.4289
02/03/1992,5.1,2.8388,0.4096
03/03/1992,32.2,3.2888,0.4289
04/03/1992,5.5,3.0553,1.8000
05/03/1992,0.2,3.8820,0.7751
06/03/1992,0,4.1306,0.5584
07/03/1992,0,4.2434,0.4674
08/03/1992,0,4.9343,0.4289
09/03/1992,4.3,4.0164,0.4289
10/03/1992,3.9,2.7518,0.4674
11/03/1992,1.4,4.4323,0.4674
12/03/1992,3.1,4.6284,0.4096
13/03/1992,0,4.7510,0.4867
14/03/1992,0,4.2119,0.4096
15/03/1992,13.9,3.6780,0.4096
16/03/1992,11.3,2.9286,0.6539
17/03/1992,13.1,2.3796,0.7751
18/03/1992,0,3.7992,1.2306
19/03/1992,0,4.2531,0.6539
20/03/1992,1,4.3068,0.5345
21/03/1992,0,4.1463,0.4867
22/03/1992,0,4.6777,0.4674
23/03/1992,31.4,2.8780,0.4674
24/03/1992,11.8,2.5236,1.8000
25/03/1992,0,2.3101,1.2581
26/03/1992,0.5,4.1847,0.7503
27/03/1992,0,3.7848,0.6300
28/03/1992,5.3,2.9236,0.5822
29/03/1992,0.5,2.2374,0.5584
30/03/1992,1,2.4451,0.5584
31/03/1992,0,2.4576,0.5345
01/04/1992,0,3.3016,0.5106
02/04/1992,0,3.5743,0.4674
03/04/1992,0,3.5191,0.4674
04/04/1992,0,3.8488,0.4674
05/04/1992,0,3.4472,0.4482
06/04/1992,1.7,3.4369,0.4482
07/04/1992,0,2.9425,0.5106
08/04/1992,0,2.3650,0.4289
09/04/1992,0,3.4060,0.4289
10/04/1992,0,3.5448,0.4289
11/04/1992,0,2.9368,0.4482
12/04/1992,9.2,2.1645,0.4289
13/04/1992,0.2,3.1632,0.4674
14/04/1992,0,3.1738,0.4482
15/04/1992,0,3.2466,0.4674
16/04/1992,0,3.1117,0.4289
17/04/1992,0,3.1374,0.4482
18/04/1992,0,3.2260,0.3903
19/04/1992,5.4,2.0766,0.3903
20/04/1992,0,2.7954,0.4289
21/04/1992,0,1.9410,0.4289
22/04/1992,0,3.1027,0.4289
23/04/1992,0,2.0711,0.3903
24/04/1992,0,3.3255,0.4096
25/04/1992,0.9,2.4655,0.3903
26/04/1992,0,1.7087,0.4096
27/04/1992,0,2.3280,0.4096
28/04/1992,0,1.8021,0.4289
29/04/1992,5.9,1.8156,0.3710
30/04/1992,11.4,2.6400,0.3710
01/05/1992,17.9,2.3465,0.7255
02/05/1992,0.2,2.1047,0.7016
03/05/1992,21.9,1.8283,0.7503
04/05/1992,2,1.6709,0.8247
05/05/1992,0,1.5063,0.5822
06/05/1992,0,1.8384,0.4867
07/05/1992,0,2.7050,0.4482
08/05/1992,0,2.6894,0.4289
09/05/1992,0,2.5264,0.4096
10/05/1992,0,2.1252,0.4096
11/05/1992,0,2.2096,0.4096
12/05/1992,51.1,2.1720,0.4289
13/05/1992,0,2.1930,2.9387
14/05/1992,0,2.3173,1.0286
15/05/1992,0,2.2927,0.6061
16/05/1992,0,2.5062,0.5106
17/05/1992,37.6,1.9402,0.4867
18/05/1992,0,2.4692,2.7550
19/05/1992,0,2.2234,0.8495
20/05/1992,0,1.9980,0.6061
21/05/1992,0,1.5051,0.5345
22/05/1992,41.4,1.3808,0.5106
23/05/1992,0,1.5085,3.6642
24/05/1992,0,1.3183,1.1755
25/05/1992,0,1.8284,0.7999
26/05/1992,13.4,1.8478,0.7255
27/05/1992,0,1.8736,1.2030
28/05/1992,12.3,1.6967,0.7255
29/05/1992,31.3,1.4874,1.8367
30/05/1992,69.5,1.3112,3.4622
31/05/1992,0.2,1.2531,11.5712
01/06/1992,8.7,1.2522,5.2897
02/06/1992,0,1.3428,3.0306
03/06/1992,0,1.8366,2.1306
04/06/1992,0,2.0568,1.5612
05/06/1992,0,1.8141,1.3224
06/06/1992,0,1.6182,1.2030
07/06/1992,0,2.2023,1.1479
08/06/1992,0,1.8827,1.0837
09/06/1992,2.8,1.5245,1.1204
10/06/1992,0.2,1.2250,0.9734
11/06/1992,0,1.8083,0.9275
12/06/1992,0,1.7182,0.9275
13/06/1992,0,1.6550,0.8743
14/06/1992,0,1.6935,0.8495
15/06/1992,0,1.6025,0.8247
16/06/1992,0,1.7145,0.8247
17/06/1992,0,1.7505,0.7999
18/06/1992,0,1.5275,0.7751
19/06/1992,0,1.7919,0.7751
20/06/1992,0,1.6821,0.7503
21/06/1992,0,1.8415,0.7255
22/06/1992,0,1.9391,0.7255
23/06/1992,0,1.7842,0.7255
24/06/1992,0,1.7351,0.7503
25/06/1992,0,1.6091,0.6539
26/06/1992,0,1.5259,0.6539
27/06/1992,2.1,1.4078,0.6777
28/06/1992,6.7,1.2533,0.6777
29/06/1992,3.6,1.1944,0.7503
30/06/1992,5.5,1.4987,0.8743
01/07/1992,0.6,1.7767,0.7751
02/07/1992,0,1.6946,0.7016
03/07/1992,0.7,1.4993,0.6539
04/07/1992,0.1,1.5876,0.6061
05/07/1992,20.7,2.0318,0.6300
06/07/1992,0,1.6958,1.2306
07/07/1992,0,1.1461,1.0286
08/07/1992,0,1.0377,0.7255
09/07/1992,0,1.2300,0.6300
10/07/1992,0,1.6462,0.6061
11/07/1992,1.1,1.6187,0.6061
12/07/1992,0,2.2378,0.6061
13/07/1992,0,1.9792,0.6061
14/07/1992,2.7,1.9918,0.6061
15/07/1992,58.6,2.1212,0.6539
16/07/1992,12.6,1.6833,4.6560
17/07/1992,3.7,1.7488,3.3152
18/07/1992,0,1.9336,1.5336
19/07/1992,0,1.6368,1.0561
20/07/1992,0,1.8005,0.9275
21/07/1992,0.7,1.9043,0.7503
22/07/1992,20,1.5561,0.9275
23/07/1992,0,1.2436,1.0561
24/07/1992,0.3,1.2096,1.0561
25/07/1992,0,1.2380,0.9275
26/07/1992,0,1.2750,0.8495
27/07/1992,12.9,1.4312,0.8743
28/07/1992,0,1.6846,1.6347
29/07/1992,0,2.3174,1.0286
30/07/1992,0,2.3775,0.8991
31/07/1992,21.3,2.1462,0.8495
01/08/1992,12.5,2.0170,2.7091
02/08/1992,0,1.4228,4.5366
03/08/1992,0,1.2860,1.8367
04/08/1992,4.2,1.5312,1.5336
05/08/1992,0,2.1441,1.2306
06/08/1992,0,1.8078,1.1479
07/08/1992,0,2.4104,1.0561
08/08/1992,12.9,2.1532,1.1204
09/08/1992,2.5,1.7061,1.3592
10/08/1992,0,2.0224,1.1755
11/08/1992,14,1.8875,1.0837
12/08/1992,5.6,1.9892,2.2591
13/08/1992,0,1.8582,1.8734
14/08/1992,0,2.3586,1.4326
15/08/1992,0,2.2990,1.1479
16/08/1992,0,2.6232,1.0837
17/08/1992,8.1,1.7407,1.0286
18/08/1992,9.1,1.7131,1.8000
19/08/1992,0,1.9969,1.8367
20/08/1992,0,1.4680,1.1479
21/08/1992,4.6,1.5666,1.1204
22/08/1992,15.9,2.2635,1.3592
23/08/1992,0.4,2.8968,1.9102
24/08/1992,0,2.8145,1.2306
25/08/1992,0,2.5573,1.0010
26/08/1992,0,2.8593,0.9275
27/08/1992,0,3.1459,0.9275
28/08/1992,0,2.9575,0.8991
29/08/1992,0,2.9147,0.8991
30/08/1992,0,3.4933,0.8991
31/08/1992,2.1,2.6353,0.8991
01/09/1992,4.2,1.7164,0.8991
02/09/1992,9.4,2.2435,1.0561
03/09/1992,0,2.9018,1.0286
04/09/1992,9.2,2.7694,0.9275
05/09/1992,0.2,2.9767,0.9275
06/09/1992,0.3,3.1006,1.0286
07/09/1992,0,3.1792,1.0010
08/09/1992,0,2.1589,0.8743
09/09/1992,1.8,3.3977,0.7751
10/09/1992,2.3,2.0989,0.7751
11/09/1992,2.1,2.0776,0.7751
12/09/1992,0,2.1947,0.7751
13/09/1992,0,2.3391,0.7751
14/09/1992,0,2.2641,0.7751
15/09/1992,0.3,2.5598,0.7503
16/09/1992,0,2.9204,0.7016
17/09/1992,0,3.3297,0.8495
18/09/1992,4.8,2.2118,0.8495
19/09/1992,0,3.4543,0.7503
20/09/1992,0,3.6044,0.7016
21/09/1992,0,3.4321,0.7016
22/09/1992,0,4.4066,0.6777
23/09/1992,0.4,4.3860,0.6777
24/09/1992,18.8,4.4235,0.7255
25/09/1992,0,2.2868,1.1755
26/09/1992,0,2.4060,1.3959
27/09/1992,0,2.9404,0.8247
28/09/1992,0,3.1756,0.7016
29/09/1992,0,4.1781,0.7016
30/09/1992,0,4.1028,0.6061
01/10/1992,1.8,3.8287,0.6061
02/10/1992,0,2.5700,0.6300
03/10/1992,0,4.1093,0.5822
04/10/1992,0,2.9214,0.6539
05/10/1992,0,4.8171,0.6300
06/10/1992,3.2,2.7097,0.5822
07/10/1992,0,2.1614,0.6061
08/10/1992,8.3,2.2920,0.7016
09/10/1992,0,3.1401,0.7016
10/10/1992,0,3.7092,0.7016
11/10/1992,21.9,2.2177,0.7503
12/10/1992,5.9,2.6685,0.8743
13/10/1992,0,4.3234,0.6777
14/10/1992,0,4.6970,0.5584
15/10/1992,0,5.1469,0.5584
16/10/1992,19.5,4.5370,0.6300
17/10/1992,1.3,3.6078,1.8367
18/10/1992,0,2.8567,1.3959
19/10/1992,0,2.9636,0.9275
20/10/1992,1,4.1170,0.7503
21/10/1992,0.7,2.3489,0.5584
22/10/1992,0,4.7034,0.5584
23/10/1992,0,5.1667,0.5822
24/10/1992,0,5.0816,0.5584
25/10/1992,0,5.4361,0.6061
26/10/1992,1.2,4.3207,0.5822
27/10/1992,0,5.7176,0.5345
28/10/1992,13.4,4.0144,0.5345
29/10/1992,0,2.6388,0.7255
30/10/1992,0.2,2.7494,0.7255
31/10/1992,0,2.8166,0.7016
01/11/1992,6,3.0142,0.8743
02/11/1992,0,4.5642,0.7751
03/11/1992,9.6,5.6846,0.5584
04/11/1992,0,2.5051,1.0286
05/11/1992,0,2.4946,0.8743
06/11/1992,0,2.3917,0.8743
07/11/1992,0,5.0584,0.7016
08/11/1992,0,5.1254,0.5584
09/11/1992,0,5.2911,0.5106
10/11/1992,1.2,5.3392,0.4867
11/11/1992,7,4.6465,0.4867
12/11/1992,0,4.9569,0.4867
13/11/1992,0,5.4680,0.4867
14/11/1992,0,6.3381,0.4867
15/11/1992,0,5.1543,0.4867
16/11/1992,10.9,3.0431,0.4867
17/11/1992,0,5.3965,0.4867
18/11/1992,0,5.6313,0.4867
19/11/1992,0,5.7688,0.4674
20/11/1992,0,6.2911,0.4867
21/11/1992,4.8,5.0393,0.4867
22/11/1992,0.9,4.1948,0.4867
23/11/1992,3.2,3.1216,0.4867
24/11/1992,23,2.6725,0.4867
25/11/1992,8.4,2.6984,0.4867
26/11/1992,0.6,2.6630,0.4867
27/11/1992,0,2.5855,0.4867
28/11/1992,0,3.3961,0.4867
29/11/1992,0,3.6004,0.4867
30/11/1992,33.4,3.2770,0.4867
01/12/1992,0,4.2007,1.8000
02/12/1992,0,5.6458,1.3224
03/12/1992,0,5.3025,1.0010
04/12/1992,0,4.4866,0.8247
05/12/1992,0,5.7748,0.7016
06/12/1992,0,5.8719,0.5345
07/12/1992,0,5.3862,0.4482
08/12/1992,0,2.7226,0.4482
09/12/1992,0,3.4156,0.4674
10/12/1992,1.1,3.2574,0.5106
11/12/1992,0.8,2.9146,0.4867
12/12/1992,1.2,3.5723,0.4482
13/12/1992,0.6,3.7131,0.4674
14/12/1992,0,6.1424,0.4867
15/12/1992,0,3.0577,0.4096
16/12/1992,0,3.9563,0.4289
17/12/1992,4.5,3.6319,0.4096
18/12/1992,0,6.2825,0.4289
19/12/1992,0,6.0180,0.3710
20/12/1992,0,6.5604,0.3710
21/12/1992,0,6.0117,0.3710
22/12/1992,0,5.4136,0.3710
23/12/1992,0,6.6823,0.3710
24/12/1992,3.2,4.7433,0.3517
25/12/1992,11.7,3.1849,0.3517
26/12/1992,0.2,2.9484,0.3517
27/12/1992,0,3.5041,0.3517
28/12/1992,0,6.0310,0.3517
29/12/1992,0,6.2339,0.3710
30/12/1992,0,5.9744,0.3517
31/12/1992,0,5.7823,0.3324
01/01/1993,0,5.8022,0.3517
02/01/1993,2,6.5769,0.3324
03/01/1993,4.2,5.9966,0.3517
04/01/1993,31.3,3.6633,0.3710
05/01/1993,0.2,5.0472,0.6777
06/01/1993,0,6.1697,0.4096
07/01/1993,9.2,6.1488,0.3517
08/01/1993,0,6.0813,0.3517
09/01/1993,12.6,3.3092,0.3903
10/01/1993,30.7,3.5178,1.5612
11/01/1993,0.2,4.2145,1.3959
12/01/1993,0,4.2515,0.6539
13/01/1993,0,5.2328,0.4674
14/01/1993,0.2,4.4736,0.4482
15/01/1993,4.6,4.7273,0.4289
16/01/1993,2.4,5.1240,0.4289
17/01/1993,1.6,3.8292,0.4482
18/01/1993,0.1,5.1052,0.4289
19/01/1993,0.5,4.3722,0.4096
20/01/1993,6.8,4.4660,0.3903
21/01/1993,0,5.1885,0.3903
22/01/1993,0,5.7258,0.3710
23/01/1993,0,6.6851,0.3710
24/01/1993,0,4.9413,0.3710
25/01/1993,0.9,4.9291,0.3710
26/01/1993,3.7,4.0132,0.4289
27/01/1993,5.8,3.8930,0.5106
28/01/1993,15,2.8901,0.5106
29/01/1993,59.6,4.0747,0.5345
30/01/1993,16.1,4.0949,3.8203
31/01/1993,2.3,4.1735,3.0765
01/02/1993,11.6,5.2384,0.8991
02/02/1993,0,5.3739,1.0837
03/02/1993,12.4,4.0429,1.0010
04/02/1993,2.3,3.1438,0.8247
05/02/1993,12.2,4.0493,0.7255
06/02/1993,1.1,4.9115,0.7016
07/02/1993,9.5,3.6713,0.7016
08/02/1993,17.7,3.5386,0.7503
09/02/1993,5.8,2.7568,0.9734
10/02/1993,5.7,3.5878,0.8247
11/02/1993,7,4.4412,0.8247
12/02/1993,0,5.1265,0.8991
13/02/1993,0,4.9738,0.8495
14/02/1993,3.2,3.5316,0.8743
15/02/1993,0,4.6399,0.7999
16/02/1993,4.5,4.3741,0.7751
17/02/1993,8.4,3.5480,1.2581
18/02/1993,1.4,2.8447,1.3959
19/02/1993,9.9,3.3291,1.2306
20/02/1993,11.4,3.4725,1.2030
21/02/1993,17.7,3.0226,1.1204
22/02/1993,10,2.6787,1.1479
23/02/1993,9.3,2.4500,0.9734
24/02/1993,1,3.5276,1.2306
25/02/1993,0,4.3724,1.0010
26/02/1993,0,3.8383,0.8495
27/02/1993,0,4.3207,0.7503
28/02/1993,0,4.8108,0.5584
01/03/1993,0,4.9994,0.5106
02/03/1993,0.6,4.7432,0.4867
03/03/1993,5.2,2.8698,0.4867
04/03/1993,0,2.5904,0.4674
05/03/1993,0,2.3879,0.4096
06/03/1993,0.1,3.8753,0.4867
07/03/1993,5,5.2525,0.4482
08/03/1993,0,5.3675,0.4674
09/03/1993,0,4.5932,0.4867
10/03/1993,13.3,4.3923,0.5584
11/03/1993,42.5,3.8056,0.6300
12/03/1993,0,3.5587,0.5345
13/03/1993,0,5.0043,0.4867
14/03/1993,0.2,5.0429,0.4867
15/03/1993,1,3.8260,1.3224
16/03/1993,0,4.3876,1.2949
17/03/1993,15.3,4.0837,1.1204
18/03/1993,1.8,3.7566,0.9734
19/03/1993,6,4.8330,0.8495
20/03/1993,0,2.5506,0.8991
21/03/1993,4.7,2.2582,0.8991
22/03/1993,18.6,2.4561,0.9275
23/03/1993,15.5,2.7236,0.7999
24/03/1993,1.2,3.0456,0.5584
25/03/1993,0,3.3804,0.4674
26/03/1993,0,3.9457,0.4482
27/03/1993,0,4.0597,0.3710
28/03/1993,0,4.1224,0.3324
29/03/1993,0,2.3168,0.3324
30/03/1993,0.2,3.5264,0.2801
31/03/1993,4.2,3.6905,0.2379
01/04/1993,4.6,2.8323,0.7503
02/04/1993,1.2,2.0453,0.5822
03/04/1993,1.2,3.4439,0.9459
04/04/1993,0,3.8676,0.8247
05/04/1993,0.4,3.7043,0.6777
06/04/1993,0.9,4.4094,0.4289
07/04/1993,0,4.5062,1.1479
08/04/1993,25.7,2.4917,0.9734
09/04/1993,0,3.5668,0.6300
10/04/1993,0,3.3079,1.3959
11/04/1993,0,2.8233,1.1755
12/04/1993,0,2.8683,1.2949
13/04/1993,0,3.8606,1.2949
14/04/1993,0,3.4259,0.8743
15/04/1993,0,3.4531,0.7503
16/04/1993,0,3.6403,0.6777
17/04/1993,0,3.9074,0.3903
18/04/1993,0,3.8797,0.3903
19/04/1993,0,3.5957,0.4482
20/04/1993,0,3.3165,0.4482
21/04/1993,59.7,2.5447,2.0387
22/04/1993,0.3,2.2829,0.8495
23/04/1993,0,2.3521,0.8743
24/04/1993,0,2.3243,1.1204
25/04/1993,0,2.8218,0.8991
26/04/1993,0,3.1084,0.6061
27/04/1993,0,2.3870,0.7751
28/04/1993,1.2,3.2598,0.7016
29/04/1993,0,1.9298,0.5584
30/04/1993,0,2.5833,0.4867
01/05/1993,0,3.0968,0.3132
02/05/1993,0,2.7998,0.2939
03/05/1993,6.5,2.4624,1.0837
04/05/1993,0,2.9868,0.9275
05/05/1993,21.8,1.5178,0.7016
06/05/1993,0,1.7086,0.6777
07/05/1993,0,2.0597,0.6061
08/05/1993,0,2.7272,0.5106
09/05/1993,0,2.4188,0.4289
10/05/1993,0,2.5287,0.3517
11/05/1993,0,2.6091,0.2939
12/05/1993,2.7,1.4837,0.1102
13/05/1993,103.4,1.8865,2.3969
14/05/1993,0.5,2.1318,5.6938
15/05/1993,0,2.1675,4.8948
16/05/1993,0,1.3009,3.6183
17/05/1993,0.6,1.3625,1.7540
18/05/1993,0,1.6142,1.1479
19/05/1993,0,1.9056,0.9275
20/05/1993,0,2.4385,0.6777
21/05/1993,0,1.7328,0.5106
22/05/1993,0,2.0455,0.4482
23/05/1993,0,2.2263,0.4482
24/05/1993,0,2.2879,0.3517
25/05/1993,0,1.7926,0.2939
26/05/1993,0.2,1.8971,0.4482
27/05/1993,0,1.3215,0.4289
28/05/1993,10.3,1.0924,0.5345
29/05/1993,4.8,1.1629,0.4674
30/05/1993,28.3,1.2403,1.4326
31/05/1993,0,1.9615,1.6806
01/06/1993,0,1.6891,0.9459
02/06/1993,0,1.7198,0.7503
03/06/1993,0.1,1.1832,0.6061
04/06/1993,31.5,1.6596,0.4482
05/06/1993,5.6,1.4888,0.5822
06/06/1993,0,1.4286,0.5822
07/06/1993,0,1.5476,0.4674
08/06/1993,0,1.8588,0.4482
09/06/1993,3.2,1.2865,0.9459
10/06/1993,8.9,1.1160,0.8991
11/06/1993,0.1,1.1055,0.8743
12/06/1993,0,1.2406,0.6777
13/06/1993,0,1.2653,0.5345
14/06/1993,0,1.8465,0.4674
15/06/1993,3.9,1.7030,0.7503
16/06/1993,0,1.4702,0.8247
17/06/1993,16.8,1.2804,0.9459
18/06/1993,17.6,1.0656,2.2224
19/06/1993,0,1.2491,3.8203
20/06/1993,0,1.3524,2.8469
21/06/1993,0,1.5648,2.3969
22/06/1993,0,1.6658,1.5336
23/06/1993,0,1.7774,1.2030
24/06/1993,0,1.3033,1.0286
25/06/1993,0.1,1.7373,0.9734
26/06/1993,0,1.6991,0.9734
27/06/1993,0,1.7476,1.0837
28/06/1993,0,1.7304,1.0010
29/06/1993,0,1.9156,0.9734
30/06/1993,17.2,1.5661,0.9734
01/07/1993,3.9,1.8163,0.9734
02/07/1993,0,1.9530,0.9734
03/07/1993,0,1.8500,0.9734
04/07/1993,0,1.9502,0.9275
05/07/1993,0,1.9701,0.9275
06/07/1993,3.7,2.0685,0.8495
07/07/1993,0,1.3684,0.7255
08/07/1993,0,1.6753,0.7999
09/07/1993,0,1.3263,0.8495
10/07/1993,0,1.8465,0.8991
11/07/1993,21.4,1.9654,1.1204
12/07/1993,35.3,1.8304,1.1479
13/07/1993,1.6,1.7361,1.2030
14/07/1993,0,1.5006,1.5336
15/07/1993,0,1.4921,1.5979
16/07/1993,0,1.6406,1.5979
17/07/1993,10,1.2048,1.5979
18/07/1993,0.2,1.2446,1.4602
19/07/1993,0,2.2984,1.2581
20/07/1993,0,2.2621,1.1204
21/07/1993,0,2.3148,1.0286
22/07/1993,0,2.2370,0.9734
23/07/1993,0,2.1041,0.9734
24/07/1993,0,2.3601,0.9734
25/07/1993,0,2.0204,0.9734
26/07/1993,0,1.7634,0.9734
27/07/1993,0,1.9967,0.9734
28/07/1993,3.7,2.2099,0.9459
29/07/1993,13.6,1.9490,0.9275
30/07/1993,4.9,1.3015,0.8247
31/07/1993,0,1.7409,0.8991
01/08/1993,8.5,1.8503,0.8247
02/08/1993,7.2,1.2476,1.7173
03/08/1993,0,2.4617,1.2306
04/08/1993,0,2.1947,0.8743
05/08/1993,0,1.5006,0.7751
06/08/1993,0,2.2996,0.7751
07/08/1993,0,2.5719,0.7999
08/08/1993,0,2.4661,0.7751
09/08/1993,3.5,1.7799,0.9275
10/08/1993,0,1.8253,0.8743
11/08/1993,0,1.9267,0.7999
12/08/1993,0,2.0672,0.7751
13/08/1993,0,2.2879,0.9734
14/08/1993,0,1.7370,0.9459
15/08/1993,0.3,2.1762,0.8495
16/08/1993,0,2.6768,0.7751
17/08/1993,9.1,2.6843,0.7751
18/08/1993,0,2.3449,0.7751
19/08/1993,0,2.4738,0.7751
20/08/1993,0,2.5562,0.7999
21/08/1993,0,2.4949,0.7751
22/08/1993,0,2.1730,0.7751
23/08/1993,0.9,1.8744,0.7751
24/08/1993,0,1.5877,0.7016
25/08/1993,0,2.7777,0.6539
26/08/1993,0,3.0207,0.7016
27/08/1993,0,3.2994,0.7751
28/08/1993,0,3.1894,0.7016
29/08/1993,0,3.4830,0.7751
30/08/1993,0,3.5693,0.7999
31/08/1993,7.9,3.7693,0.7999
01/09/1993,2.6,2.6043,0.7255
02/09/1993,0.9,2.0119,0.7751
03/09/1993,0.3,2.2988,0.7503
04/09/1993,0,2.6922,0.7255
05/09/1993,0,3.4250,0.7255
06/09/1993,0,3.9190,0.7016
07/09/1993,9.7,3.5858,0.7751
08/09/1993,28.8,3.1973,0.8495
09/09/1993,17.1,2.4158,0.9459
10/09/1993,0.1,2.1732,2.6724
11/09/1993,0,1.8328,2.2224
12/09/1993,0,2.3502,1.5336
13/09/1993,0,1.7635,1.0837
14/09/1993,5.3,1.8345,1.1755
15/09/1993,2.9,2.7592,1.0286
16/09/1993,0,3.6235,1.2949
17/09/1993,0,3.6025,1.1479
18/09/1993,27.8,3.3448,1.0286
19/09/1993,2.6,2.1068,1.0286
20/09/1993,69.6,2.3075,1.1479
21/09/1993,13.9,2.0291,10.6528
22/09/1993,27.1,1.8971,11.2957
23/09/1993,41.8,1.9511,7.0346
24/09/1993,4,2.0638,6.1070
25/09/1993,0.4,2.0075,4.6009
26/09/1993,20.3,1.9995,4.1418
27/09/1993,0,3.7837,2.9846
28/09/1993,0,4.2975,2.6265
29/09/1993,52.6,3.4471,2.2224
30/09/1993,18.8,3.4038,1.6347
01/10/1993,2.4,3.3308,1.4602
02/10/1993,5.9,3.2097,1.8367
03/10/1993,8.3,3.2791,1.8367
04/10/1993,24.8,2.3270,1.5612
05/10/1993,0,2.5211,2.1765
06/10/1993,0,3.9336,3.9765
07/10/1993,0,2.7992,5.2897
08/10/1993,0,4.1315,10.6528
09/10/1993,0,4.4791,11.1120
10/10/1993,0,5.1700,7.8794
11/10/1993,0,5.1601,5.8591
12/10/1993,0,5.1578,4.6560
13/10/1993,0,4.7442,3.6183
14/10/1993,0,2.9594,2.8010
15/10/1993,14.6,3.6497,1.8734
16/10/1993,1.8,4.7847,1.4326
17/10/1993,0.1,5.1273,1.0837
18/10/1993,8.9,3.7113,1.1204
19/10/1993,4.9,3.7769,1.0010
20/10/1993,22.4,4.3374,1.1204
21/10/1993,0,4.6091,1.0837
22/10/1993,26,3.4424,1.2306
23/10/1993,0,4.2732,1.5612
24/10/1993,0,2.3998,1.2030
25/10/1993,13.2,2.4757,1.0286
26/10/1993,0,2.4617,1.1479
27/10/1993,0,2.4492,0.9459
28/10/1993,0,3.1021,0.9459
29/10/1993,0,5.6699,1.2030
30/10/1993,0,5.2973,1.0010
31/10/1993,0,5.6095,0.9734
01/11/1993,0,3.9168,1.1479
02/11/1993,0,3.8756,1.5612
03/11/1993,0,4.9141,1.2030
04/11/1993,0,5.2822,1.0286
05/11/1993,1.3,4.5161,1.1479
06/11/1993,5.3,4.6835,0.9734
07/11/1993,0,4.6404,1.0286
08/11/1993,0,5.5708,1.0561
09/11/1993,0,5.8635,0.9734
10/11/1993,0,5.8918,0.9275
11/11/1993,0,6.1536,0.9275
12/11/1993,0,5.7809,0.9734
13/11/1993,0,5.9281,0.9734
14/11/1993,0,4.8447,1.0286
15/11/1993,0,5.0543,1.0561
16/11/1993,2.5,6.2899,0.9734
17/11/1993,4.7,3.4948,0.9734
18/11/1993,0,3.8998,1.0286
19/11/1993,0,6.3542,0.9734
20/11/1993,0,5.6085,1.1479
21/11/1993,0,5.4106,1.1204
22/11/1993,6.5,6.1326,1.0837
23/11/1993,13.9,5.7355,1.0286
24/11/1993,17.5,6.0399,2.0387
25/11/1993,11.1,4.9625,1.5612
26/11/1993,15,4.0021,1.4326
27/11/1993,0,5.8893,2.2591
28/11/1993,0,6.1515,1.2581
29/11/1993,0,6.3790,0.6539
30/11/1993,28.3,5.6575,0.7999
01/12/1993,0,4.8860,2.3969
02/12/1993,0,5.4970,1.3224
03/12/1993,0,4.8705,1.0010
04/12/1993,12.5,6.1639,0.8495
05/12/1993,9.6,2.9707,1.4326
06/12/1993,0,5.9220,1.4326
07/12/1993,0,4.3046,0.9459
08/12/1993,9.8,5.1873,0.7503
09/12/1993,6.3,4.1993,1.0561
10/12/1993,0,3.7449,1.0561
11/12/1993,0,3.2131,0.7255
12/12/1993,0,6.7348,0.6061
13/12/1993,0,6.1109,0.5584
14/12/1993,0,5.4283,0.7016
15/12/1993,0,5.6119,0.6061
16/12/1993,11,2.9851,0.5106
17/12/1993,0,2.9039,0.8495
18/12/1993,0,4.4986,0.7999
19/12/1993,0,6.3416,0.7503
20/12/1993,0,4.7407,0.7016
21/12/1993,0,4.9586,0.7016
22/12/1993,0.5,4.3562,0.7503
23/12/1993,0,5.5291,0.7016
24/12/1993,2.2,5.5443,0.6539
25/12/1993,6.1,4.7313,0.7751
26/12/1993,6.6,4.7043,0.7751
27/12/1993,11.5,5.6103,0.7255
28/12/1993,0,3.0551,0.6777
29/12/1993,0,4.7759,0.7255
30/12/1993,0,4.9476,0.7503
31/12/1993,0,6.4384,0.7999
01/01/1994,5.4,5.9974,0.7503
02/01/1994,8.6,4.4970,0.6777
03/01/1994,0,3.6842,0.7751
04/01/1994,0,3.3148,0.7751
05/01/1994,0,3.7721,0.7016
06/01/1994,0,3.5866,0.6539
07/01/1994,7.8,4.7348,0.6300
08/01/1994,15.9,3.2022,0.7016
09/01/1994,8.1,3.1479,1.0561
10/01/1994,0,6.1884,1.0010
11/01/1994,0,6.1647,0.8495
12/01/1994,0,5.9163,0.7503
13/01/1994,6.5,5.8797,0.6777
14/01/1994,0,4.9788,0.6777
15/01/1994,0,5.0492,0.6777
16/01/1994,0,5.8745,0.6777
17/01/1994,23.8,5.5647,0.7503
18/01/1994,3,4.7274,0.7016
19/01/1994,0,3.0026,0.7016
20/01/1994,2.6,3.8804,0.8247
21/01/1994,19.6,4.3658,0.8247
22/01/1994,0,3.3863,5.5560
23/01/1994,0,5.7019,4.7754
24/01/1994,5.4,4.2663,4.3622
25/01/1994,22,5.4528,3.6183
26/01/1994,15.9,4.0199,3.3152
27/01/1994,7.8,2.7520,2.9387
28/01/1994,1.8,2.7129,2.3510
29/01/1994,5.4,2.8009,1.2030
30/01/1994,11,3.6593,0.9459
31/01/1994,2.4,4.3148,2.2591
01/02/1994,0,5.0143,2.8469
02/02/1994,0,5.3575,2.6265
03/02/1994,0,4.3250,2.3051
04/02/1994,0,5.8222,1.9561
05/02/1994,11.7,4.7637,1.8000
06/02/1994,0,3.9958,1.5612
07/02/1994,0,3.6225,1.4602
08/02/1994,0,3.5986,1.2306
09/02/1994,2.7,5.6558,1.1204
10/02/1994,3.8,4.6718,1.0010
11/02/1994,6.2,3.5786,0.9734
12/02/1994,0,4.2728,1.0561
13/02/1994,0,4.5725,0.9734
14/02/1994,0,3.6457,0.8991
15/02/1994,13,4.6978,0.8991
16/02/1994,0,5.6765,0.9275
17/02/1994,0,4.1432,0.8743
18/02/1994,3.5,4.7651,0.8743
19/02/1994,3.2,4.0243,0.8743
20/02/1994,2.9,3.2378,0.8743
21/02/1994,0,5.1005,0.8495
22/02/1994,2.2,4.7278,0.8247
23/02/1994,0,4.8468,0.7751
24/02/1994,7.8,4.5064,0.7255
25/02/1994,2.2,3.7549,0.7255
26/02/1994,5.4,4.8356,0.7255
27/02/1994,3,3.9603,0.7255
28/02/1994,5.4,4.1297,0.7255
01/03/1994,5.4,3.5338,0.7016
02/03/1994,1.7,2.4564,0.7016
03/03/1994,0,3.4171,0.7016
04/03/1994,0,3.6820,0.7016
05/03/1994,0,4.4931,0.7016
06/03/1994,10.8,4.2860,0.7016
07/03/1994,20.5,3.7121,1.4326
08/03/1994,0,3.4272,1.2030
09/03/1994,1.6,3.1711,1.0286
10/03/1994,3.2,3.6436,0.9734
11/03/1994,0,4.2226,0.9275
12/03/1994,0,4.8383,0.8743
13/03/1994,0,4.5320,0.8247
14/03/1994,0,4.8791,0.7751
15/03/1994,0,4.2351,0.7751
16/03/1994,0,3.4011,0.7751
17/03/1994,0,4.8724,0.7255
18/03/1994,13.5,3.2313,0.6777
19/03/1994,0,4.1160,0.8247
20/03/1994,0,3.0245,1.0561
21/03/1994,0,4.3573,0.8991
22/03/1994,0,4.4387,0.8495
23/03/1994,0,4.6215,0.7751
24/03/1994,10.8,4.3795,0.7503
25/03/1994,6.3,3.1268,0.7255
26/03/1994,0,2.1237,0.7503
27/03/1994,0,2.2100,0.7751
28/03/1994,0,3.4257,0.7751
29/03/1994,0,3.7313,0.7751
30/03/1994,10.8,4.0965,0.8247
31/03/1994,9.5,2.9360,1.1479
01/04/1994,0,2.0102,0.9734
02/04/1994,0,3.0830,0.8991
03/04/1994,0,4.0179,0.8247
04/04/1994,0,3.8783,0.7751
05/04/1994,5.4,3.6246,0.7255
06/04/1994,3.5,3.4605,0.7016
07/04/1994,0,3.3445,0.8743
08/04/1994,0,2.4976,0.8247
09/04/1994,0,2.3997,0.7999
10/04/1994,0,3.4294,0.7016
11/04/1994,5.4,3.1095,0.7016
12/04/1994,7,2.6023,0.7751
13/04/1994,27.7,2.1349,1.2581
14/04/1994,0,1.8508,1.2306
15/04/1994,0,2.3354,1.0561
16/04/1994,0,3.2920,0.9734
17/04/1994,3.2,3.1045,0.9275
18/04/1994,3.2,2.1012,0.8991
19/04/1994,2.2,1.9355,0.7751
20/04/1994,5.4,1.9877,0.7016
21/04/1994,11.6,3.3824,0.8247
22/04/1994,0,1.8523,0.8991
23/04/1994,0,1.6547,1.8734
24/04/1994,5.4,1.9952,1.2030
25/04/1994,15.9,2.5643,1.0561
26/04/1994,0,3.1587,0.9734
27/04/1994,5.4,3.5488,0.9275
28/04/1994,0,3.0093,0.8247
29/04/1994,0,2.1130,0.7255
30/04/1994,0,2.9329,0.7016
01/05/1994,0,3.2578,0.6777
02/05/1994,0,2.7318,0.7503
03/05/1994,0,3.0976,0.7255
04/05/1994,0,2.1343,0.7503
05/05/1994,0,2.5161,0.7255
06/05/1994,0,2.8719,0.7016
07/05/1994,0,2.6120,0.6777
08/05/1994,0,2.6635,0.6777
09/05/1994,0,2.6471,0.6300
10/05/1994,5.4,2.3568,0.6300
11/05/1994,5.4,2.0797,0.5345
12/05/1994,17,1.6823,0.4867
13/05/1994,0,1.4551,0.4482
14/05/1994,0,1.9983,0.4096
15/05/1994,0,2.0928,0.3710
16/05/1994,0,1.9510,0.3710
17/05/1994,0,1.9765,0.2801
18/05/1994,0,2.1864,0.2801
19/05/1994,0,2.0269,0.3132
20/05/1994,0,2.3348,0.5584
21/05/1994,0,2.3514,0.7999
22/05/1994,10.9,2.1553,0.7999
23/05/1994,5.4,2.0905,0.7503
24/05/1994,5.4,1.4507,0.9275
25/05/1994,4.4,1.6387,0.8743
26/05/1994,3.2,1.5826,0.8495
27/05/1994,0,1.5226,0.8247
28/05/1994,0,1.4668,0.7751
29/05/1994,0,1.9468,0.7255
30/05/1994,0,1.8494,0.7016
31/05/1994,13.1,2.0871,0.6539
01/06/1994,0,1.8605,0.7503
02/06/1994,0,1.9373,0.7255
03/06/1994,12.1,1.7363,0.7999
04/06/1994,0,1.5717,0.7255
05/06/1994,3.7,1.6294,0.7016
06/06/1994,1.1,2.0253,0.7999
07/06/1994,2.1,1.2063,1.2306
08/06/1994,0.3,1.1717,1.7540
09/06/1994,0,1.1643,1.3592
10/06/1994,0,1.1518,1.2306
11/06/1994,0,1.5816,1.2030
12/06/1994,0,1.6469,1.0837
13/06/1994,0,1.6290,1.0837
14/06/1994,0,1.7174,1.0010
15/06/1994,0,1.6466,0.9734
16/06/1994,0,1.6996,0.9734
17/06/1994,0,1.9031,0.9275
18/06/1994,0,1.9415,0.9275
19/06/1994,38.6,1.7355,0.8743
20/06/1994,19.1,1.1928,0.8743
21/06/1994,0,1.3782,0.8247
22/06/1994,0,1.6982,0.7999
23/06/1994,0,1.5892,0.7255
24/06/1994,16.8,1.4198,0.7016
25/06/1994,0,1.2928,0.6777
26/06/1994,0,1.0836,0.6061
27/06/1994,0,1.4318,0.5584
28/06/1994,0,1.4516,0.4674
29/06/1994,0,1.3761,0.4482
30/06/1994,0,1.3171,0.4096
01/07/1994,0.5,1.9917,0.4096
02/07/1994,53,1.9432,1.5336
03/07/1994,1,1.7537,3.6183
04/07/1994,0.2,1.6834,3.6642
05/07/1994,0,1.5646,3.2693
06/07/1994,9.6,1.7733,1.7540
07/07/1994,12.6,2.0204,1.5612
08/07/1994,0,1.6409,1.4326
09/07/1994,0,1.3262,1.2949
10/07/1994,0,1.4772,1.2581
11/07/1994,0,1.5150,1.2030
12/07/1994,0,1.5895,1.1479
13/07/1994,0,1.5926,1.0561
14/07/1994,0,1.8812,0.9734
15/07/1994,0,2.0676,0.9275
16/07/1994,0,2.0037,0.9275
17/07/1994,0,2.2084,0.8743
18/07/1994,0,1.9819,0.8495
19/07/1994,0,2.1908,0.8743
20/07/1994,0,2.1562,0.8495
21/07/1994,0,2.2475,0.8247
22/07/1994,41.9,2.2078,0.8247
23/07/1994,0,1.6933,0.7503
24/07/1994,0,1.8205,0.7016
25/07/1994,11.9,2.1365,0.6777
26/07/1994,0,2.3689,0.6777
27/07/1994,0,2.2772,0.6300
28/07/1994,0,2.5974,0.6300
29/07/1994,0,2.6520,0.5822
30/07/1994,0,2.3366,0.5345
31/07/1994,0,2.3086,0.5345
01/08/1994,0,2.0671,0.5345
02/08/1994,4.1,2.6258,0.4867
03/08/1994,0,2.0022,0.6539
04/08/1994,0,1.7179,0.7503
05/08/1994,0,1.6361,0.7503
06/08/1994,0,2.3270,0.7503
07/08/1994,0,1.9004,0.7016
08/08/1994,0,2.4120,0.7016
09/08/1994,0,2.4075,0.6777
10/08/1994,0,1.5583,0.6777
11/08/1994,0,1.7712,0.6777
12/08/1994,0,1.2232,0.6777
13/08/1994,0,2.9840,0.6777
14/08/1994,0,2.9105,0.6777
15/08/1994,0,2.3992,0.6777
16/08/1994,0,1.8554,0.6777
17/08/1994,0,1.5764,0.6777
18/08/1994,0,1.5674,0.6777
19/08/1994,0,3.0146,0.6777
20/08/1994,0,2.8324,0.6539
21/08/1994,0,2.9269,0.6539
22/08/1994,0,2.7533,0.6539
23/08/1994,0,2.7055,0.6539
24/08/1994,0,2.2815,0.6539
25/08/1994,0,2.3612,0.6061
26/08/1994,0,3.1827,0.6300
27/08/1994,0,2.6039,0.6061
28/08/1994,0,2.7603,0.6061
29/08/1994,0,3.1669,0.6300
30/08/1994,0,3.4290,0.6061
31/08/1994,0,3.4888,0.6061
01/09/1994,0,3.6584,0.6061
02/09/1994,0,2.7133,0.5822
03/09/1994,0,2.2026,0.5822
04/09/1994,0,1.9405,0.5822
05/09/1994,0,1.8475,0.5822
06/09/1994,0.2,3.5514,0.5822
07/09/1994,0.9,2.5252,0.5822
08/09/1994,0,1.6888,0.5822
09/09/1994,0,1.8575,0.5822
10/09/1994,0,2.1527,0.5822
11/09/1994,0,3.4636,0.5822
12/09/1994,0,3.7467,0.5584
13/09/1994,0.6,2.4401,0.5345
14/09/1994,2.6,2.5363,0.5345
15/09/1994,0,2.0657,0.5345
16/09/1994,0,2.1774,0.5345
17/09/1994,0,2.6823,0.5345
18/09/1994,0,3.2459,0.5345
19/09/1994,0,4.1366,0.5106
20/09/1994,0,3.1486,0.4867
21/09/1994,0,4.5556,0.4867
22/09/1994,0,4.4111,0.4867
23/09/1994,0,4.6922,0.4867
24/09/1994,0,4.2840,0.4867
25/09/1994,0,4.3479,0.4867
26/09/1994,0,3.9539,0.4867
27/09/1994,0,3.0059,0.4867
28/09/1994,0.5,2.8329,0.4867
29/09/1994,0,3.1367,0.4867
30/09/1994,1,3.4965,0.4867
01/10/1994,6.2,3.6928,0.5106
02/10/1994,9.2,3.7786,0.5584
03/10/1994,6.6,3.7580,0.6061
04/10/1994,0,3.7439,0.6300
05/10/1994,0,3.4236,0.6300
06/10/1994,0,4.5594,0.5822
07/10/1994,0,4.3026,0.5106
08/10/1994,0,4.3222,0.5106
09/10/1994,0,4.7901,0.4867
10/10/1994,0,4.5712,0.4867
11/10/1994,0.3,3.9562,0.4867
12/10/1994,0,2.5658,0.4674
13/10/1994,0.2,3.7996,0.4482
14/10/1994,0,3.3857,0.4482
15/10/1994,0,3.5944,0.4482
16/10/1994,0,4.2588,0.4289
17/10/1994,13,4.0357,0.4096
18/10/1994,20.9,5.1732,0.4482
19/10/1994,0,4.1305,0.4482
20/10/1994,4.5,2.5379,0.4482
21/10/1994,0,2.5537,0.4674
22/10/1994,0.4,2.5366,0.5106
23/10/1994,2.4,3.1247,0.5345
24/10/1994,17.5,3.1336,0.4867
25/10/1994,39.4,4.2217,0.9275
26/10/1994,45.8,3.2350,1.0010
27/10/1994,0,2.4981,4.4173
28/10/1994,0,3.8684,3.2693
29/10/1994,0.3,2.8571,1.8000
30/10/1994,0,2.3318,1.1204
31/10/1994,1.2,3.7324,0.7751
01/11/1994,3.2,3.9206,0.7016
02/11/1994,0,5.7683,0.6777
03/11/1994,0,5.7036,0.7255
04/11/1994,4.3,5.3351,0.7255
05/11/1994,14.6,4.5708,0.8743
06/11/1994,10.6,3.1997,1.2306
07/11/1994,2.6,4.5207,1.3224
08/11/1994,7.1,4.5138,1.0837
09/11/1994,1.7,4.0105,0.8247
10/11/1994,0,5.9755,0.6539
11/11/1994,23.3,6.1419,0.5345
12/11/1994,0,5.8542,0.9734
13/11/1994,5.6,4.8556,3.3612
14/11/1994,0,3.0997,0.7751
15/11/1994,0,6.1431,0.5822
16/11/1994,17,6.1040,0.5584
17/11/1994,9.8,3.2322,0.9459
18/11/1994,0.1,2.9193,1.0837
19/11/1994,0.9,2.6419,0.6300
20/11/1994,0,2.6135,0.6061
21/11/1994,0,2.7146,0.5822
22/11/1994,0,4.6243,0.5345
23/11/1994,0,4.9631,0.5345
24/11/1994,0,5.8279,0.4867
25/11/1994,0,4.5887,0.5106
26/11/1994,2.5,5.6535,0.5822
27/11/1994,5.8,4.5429,0.6061
28/11/1994,8,3.2132,0.6061
29/11/1994,0,5.1082,0.5345
30/11/1994,0,6.1943,0.5345
01/12/1994,0,6.4361,0.4867
02/12/1994,0,4.7341,0.4867
03/12/1994,0,6.7778,0.4867
04/12/1994,7.2,5.6947,0.5345
05/12/1994,29.7,4.3213,0.6539
06/12/1994,9.8,3.2962,0.8495
07/12/1994,0,5.4011,0.5822
08/12/1994,0,4.9027,0.5584
09/12/1994,0,5.7871,0.5345
10/12/1994,0,5.8308,0.4674
11/12/1994,8.6,7.0159,0.4482
12/12/1994,0,6.6798,0.4482
13/12/1994,0.9,6.5499,0.4674
14/12/1994,0,3.6853,0.4867
15/12/1994,46.6,5.6878,5.6938
16/12/1994,9.5,3.4622,2.5806
17/12/1994,0,3.9863,1.1204
18/12/1994,0,6.2436,1.2581
19/12/1994,0,3.9178,0.5822
20/12/1994,0.4,6.2296,0.5822
21/12/1994,25.3,2.9746,0.5822
22/12/1994,28.6,4.4654,1.2030
23/12/1994,0,6.0877,5.0142
24/12/1994,0,6.3023,2.3051
25/12/1994,0.5,6.3003,1.1204
26/12/1994,0,4.4132,0.8495
27/12/1994,16.6,5.2787,0.6539
28/12/1994,2.4,5.1566,0.6300
29/12/1994,25.2,4.0140,0.6061
30/12/1994,4.9,2.9590,0.5822
31/12/1994,2.1,3.7588,0.7255
01/01/1995,1.8,3.9054,0.7255
02/01/1995,1.8,3.8429,0.6777
03/01/1995,3.2,3.9552,0.7016
04/01/1995,1.6,5.4845,0.7016
05/01/1995,10.1,5.9452,0.6777
06/01/1995,32.2,3.4246,0.6300
07/01/1995,107.8,3.1500,0.6539
08/01/1995,6,3.0894,2.6724
09/01/1995,21.9,5.0389,5.6938
10/01/1995,87.6,3.9031,5.6938
11/01/1995,28.5,2.7643,5.6938
12/01/1995,14,3.7779,5.6938
13/01/1995,5.4,4.5524,5.6938
14/01/1995,9.9,6.0336,5.6938
15/01/1995,12,4.4115,5.6938
16/01/1995,5.5,6.0990,4.7203
17/01/1995,6.3,6.5268,3.8662
18/01/1995,11.6,3.0817,2.9846
19/01/1995,0,4.4413,3.4622
20/01/1995,1.1,5.5313,2.7091
21/01/1995,32.7,3.5016,2.2224
22/01/1995,0,6.2211,2.0387
23/01/1995,0,4.9207,2.5806
24/01/1995,0,5.8246,2.0847
25/01/1995,11.5,5.7394,1.8734
26/01/1995,0.1,5.2053,2.1765
27/01/1995,8.7,4.0891,2.3051
28/01/1995,0,4.0570,1.7173
29/01/1995,0,4.5205,1.6347
30/01/1995,3.4,4.6832,1.4969
31/01/1995,30.4,3.6958,1.3592
01/02/1995,61.5,4.7964,3.3152
02/02/1995,23.5,4.0820,5.6938
03/02/1995,2.4,3.2618,5.6938
04/02/1995,3.3,2.8933,5.4917
05/02/1995,19.9,3.2390,4.8397
06/02/1995,0,2.6737,3.7193
07/02/1995,1.2,2.5379,2.7091
08/02/1995,20.1,3.1991,4.4173
09/02/1995,6.7,3.8378,5.0142
10/02/1995,0,4.6714,4.2520
11/02/1995,8.6,4.1870,2.8928
12/02/1995,0,3.4248,2.7550
13/02/1995,3.8,3.5061,2.7091
14/02/1995,15.5,3.8977,2.5806
15/02/1995,0,5.9482,1.8734
16/02/1995,0.2,5.4605,1.3224
17/02/1995,0,6.3609,1.0010
18/02/1995,4.3,5.2945,0.8743
19/02/1995,0,2.5301,0.6777
20/02/1995,1.1,2.8351,0.5345
21/02/1995,1.2,4.9772,0.5345
22/02/1995,4.6,5.8999,0.5584
23/02/1995,2.6,5.1414,0.6777
24/02/1995,0,3.9003,0.5584
25/02/1995,0,6.2201,0.6300
26/02/1995,4.6,4.7803,0.7751
27/02/1995,0,5.4872,0.9275
28/02/1995,0,5.5979,0.9734
01/03/1995,2,4.8674,1.2030
02/03/1995,2.9,3.9074,0.8743
03/03/1995,0.8,4.1729,0.7255
04/03/1995,0,5.2058,0.7751
05/03/1995,63.5,4.9031,0.7751
06/03/1995,38.5,2.7111,0.7503
07/03/1995,0,3.8162,0.7503
08/03/1995,0,4.4184,0.6300
09/03/1995,2.4,2.9352,1.0010
10/03/1995,0,2.4753,1.0561
11/03/1995,0,2.2948,1.0286
12/03/1995,0,4.2207,1.0561
13/03/1995,26.4,3.0166,1.0010
14/03/1995,10.6,2.0738,1.0286
15/03/1995,7.6,3.4149,1.0286
16/03/1995,0,4.4563,1.0286
17/03/1995,0,5.0269,1.0561
18/03/1995,1.5,4.3907,1.0561
19/03/1995,0,2.4455,1.0561
20/03/1995,0,3.8969,1.0010
21/03/1995,0,2.2340,1.0286
22/03/1995,0,3.2014,1.0561
23/03/1995,0,3.6855,1.0286
24/03/1995,0,3.4871,1.0561
25/03/1995,0.4,2.6520,1.0561
26/03/1995,0,4.1454,1.0837
27/03/1995,0,3.8916,1.1204
28/03/1995,0,3.7704,1.0837
29/03/1995,12.1,3.5776,1.0837
30/03/1995,1.5,3.0383,1.0561
31/03/1995,0.5,2.7726,1.1204
01/04/1995,0.4,3.0499,1.0561
02/04/1995,0,3.6240,1.1204
03/04/1995,4.4,3.6113,1.1479
04/04/1995,2.1,2.9474,1.0837
05/04/1995,0,3.4248,1.0561
06/04/1995,1.6,3.9768,1.0561
07/04/1995,0,3.5600,1.1479
08/04/1995,4.4,3.6421,1.1479
09/04/1995,0,3.2941,1.0561
10/04/1995,0,3.9168,1.0561
11/04/1995,3.5,3.0030,1.0010
12/04/1995,0,3.1964,1.0286
13/04/1995,8,3.0015,1.0561
14/04/1995,8,2.7085,1.2306
15/04/1995,8.2,3.3555,1.1204
16/04/1995,0,3.4922,1.0837
17/04/1995,5.5,2.7616,1.0561
18/04/1995,0,2.9378,1.1204
19/04/1995,27.6,2.7752,1.0837
20/04/1995,0,1.9633,3.0765
21/04/1995,0,1.8042,1.3959
22/04/1995,0,3.0425,1.0561
23/04/1995,0,2.7552,1.0561
24/04/1995,0.1,3.0500,1.0010
25/04/1995,0,3.0681,0.9275
26/04/1995,0,2.7106,0.8991
27/04/1995,0,2.9613,1.0010
28/04/1995,0,3.2179,0.9459
29/04/1995,1.7,3.1423,0.9275
30/04/1995,0,3.3362,1.0010
01/05/1995,0,3.3131,0.9459
02/05/1995,0,2.8016,0.9459
03/05/1995,0,3.0453,1.0561
04/05/1995,0,2.7191,0.9459
05/05/1995,0,2.0311,0.9459
06/05/1995,7.5,1.9288,1.0286
07/05/1995,1.2,1.7776,0.9459
08/05/1995,0,1.6749,0.9459
09/05/1995,3.3,1.4402,1.0010
10/05/1995,0,1.8123,0.9275
11/05/1995,7.6,2.3034,1.0010
12/05/1995,0,1.9919,0.9275
13/05/1995,0,2.4079,0.9459
14/05/1995,0,1.9865,0.9734
15/05/1995,0.2,2.1330,0.9275
16/05/1995,0.5,2.1907,0.9459
17/05/1995,9.4,2.6051,0.9459
18/05/1995,0,1.8900,1.0010
19/05/1995,10.4,1.8593,0.9275
20/05/1995,0,1.7092,1.0010
21/05/1995,0,1.9200,0.9734
22/05/1995,0,1.8819,1.0010
23/05/1995,0,2.0385,1.0286
24/05/1995,0.1,1.8744,1.0010
25/05/1995,0,1.6403,0.9275
26/05/1995,0,1.7279,0.9459
27/05/1995,0,1.3240,1.0286
28/05/1995,0,1.8714,0.9275
29/05/1995,0,1.4249,1.0561
30/05/1995,0,1.7040,1.0010
31/05/1995,0,1.6189,1.0561
01/06/1995,0,1.5330,0.9459
02/06/1995,0,2.1360,0.8991
03/06/1995,0,1.5083,0.9275
04/06/1995,0,1.1704,0.9459
05/06/1995,0,1.7401,0.9734
06/06/1995,0,1.8926,0.8743
07/06/1995,3.5,2.0193,1.0561
08/06/1995,0,1.2592,1.1204
09/06/1995,0,1.5057,1.0286
10/06/1995,0,1.4431,1.0561
11/06/1995,0,2.0995,0.8991
12/06/1995,0,1.8336,1.0561
13/06/1995,0,1.9982,1.2030
14/06/1995,0,1.8618,0.8743
15/06/1995,0,1.8009,0.8495
16/06/1995,14.2,1.5397,1.1204
17/06/1995,0.2,1.7525,1.6806
18/06/1995,0,1.1522,1.4969
19/06/1995,0,1.1217,1.4326
20/06/1995,0.1,1.2671,1.3959
21/06/1995,0,1.5502,1.3959
22/06/1995,0,1.6605,1.4969
23/06/1995,0,1.7735,1.4969
24/06/1995,32,1.7750,1.3959
25/06/1995,33.6,1.5900,5.6938
26/06/1995,0,1.5282,2.4887
27/06/1995,0,1.8458,2.0387
28/06/1995,14,2.1459,1.8734
29/06/1995,0,1.5810,2.8469
30/06/1995,0,1.4016,2.3051
01/07/1995,0,1.9545,1.6806
02/07/1995,0,1.8288,1.7540
03/07/1995,11.9,1.9704,1.5979
04/07/1995,0,1.8225,2.3510
05/07/1995,0,2.0092,2.2224
06/07/1995,0,2.0648,1.7173
07/07/1995,77.3,1.7926,4.5366
08/07/1995,0.1,1.3554,4.9591
09/07/1995,0,1.1516,2.1306
10/07/1995,0,1.7213,2.0387
11/07/1995,0,1.9925,2.2591
12/07/1995,0,2.0191,2.3051
13/07/1995,0,2.1285,2.2224
14/07/1995,0,2.1975,1.9928
15/07/1995,3.3,2.2398,1.9102
16/07/1995,3.2,2.3884,2.2591
17/07/1995,0,1.5908,2.1765
18/07/1995,2.7,2.0592,1.9561
19/07/1995,6.9,1.8214,1.9561
20/07/1995,2.9,1.4312,1.6806
21/07/1995,8.2,1.5410,1.5612
22/07/1995,0,1.8637,1.4969
23/07/1995,0,1.9175,1.3959
24/07/1995,0,2.1634,0.9459
25/07/1995,0,1.9970,0.8495
26/07/1995,0,2.3821,0.7503
27/07/1995,0,2.3890,0.6539
28/07/1995,0,2.3977,0.6061
29/07/1995,0,2.5492,0.6061
30/07/1995,0,2.7638,0.6061
31/07/1995,0,2.8780,0.6061
01/08/1995,0,2.7202,0.6061
02/08/1995,0,2.3953,0.6061
03/08/1995,11,2.2376,0.7255
04/08/1995,17.5,1.8716,0.8991
05/08/1995,2.5,1.3840,1.1479
06/08/1995,0,1.2696,1.1755
07/08/1995,0,1.9150,1.0286
08/08/1995,0,2.3057,0.8495
09/08/1995,0,2.6058,0.8247
10/08/1995,0,2.8234,0.8495
11/08/1995,0,2.4926,0.7999
12/08/1995,0,2.5533,0.7751
13/08/1995,0,2.8604,0.8991
14/08/1995,0,2.9773,1.0837
15/08/1995,0,2.8705,1.3224
16/08/1995,0,1.5813,1.3592
17/08/1995,0,1.4149,1.2949
18/08/1995,0,2.9208,1.3959
19/08/1995,7.2,2.2085,1.5336
20/08/1995,0,1.8568,1.5336
21/08/1995,0,1.8376,1.5336
22/08/1995,0,2.8532,1.5336
23/08/1995,0,3.2888,1.5336
24/08/1995,0,3.4262,1.5336
25/08/1995,0,3.1591,1.4326
26/08/1995,0,3.3137,1.3592
27/08/1995,0,3.5138,1.2949
28/08/1995,0,3.5062,1.4326
29/08/1995,0,3.3950,1.4326
30/08/1995,0,3.4720,1.3592
31/08/1995,0,3.5541,1.3592
